"id","city_name","city_code","province_id","created_at","updated_at","deleted_at"
"2347bc1c-25f6-4196-814b-53dc4e01838a","KAB. ACEH SELATAN","1101","74bae6b6-3f4b-43c8-9080-ae573b126e8c","2025-03-12 12:11:48","2025-03-12 12:11:48",\N
"3e0c4a2f-4bd1-4408-9166-6f546fbc6b87","KAB. ACEH TENGGARA","1102","74bae6b6-3f4b-43c8-9080-ae573b126e8c","2025-03-12 12:11:48","2025-03-12 12:11:48",\N
"99777d07-1206-4a23-94d7-b0a8a6d91a72","KAB. ACEH TIMUR","1103","74bae6b6-3f4b-43c8-9080-ae573b126e8c","2025-03-12 12:11:48","2025-03-12 12:11:48",\N
"c3b02345-92f4-405f-ac00-f830d9d5bcc5","KAB. ACEH TENGAH","1104","74bae6b6-3f4b-43c8-9080-ae573b126e8c","2025-03-12 12:11:48","2025-03-12 12:11:48",\N
"53bbceef-3a22-4731-babd-5018db6ebaa6","KAB. ACEH BARAT","1105","74bae6b6-3f4b-43c8-9080-ae573b126e8c","2025-03-12 12:11:48","2025-03-12 12:11:48",\N
"af7c2403-1320-4154-921d-8c9fc510a310","KAB. ACEH BESAR","1106","74bae6b6-3f4b-43c8-9080-ae573b126e8c","2025-03-12 12:11:48","2025-03-12 12:11:48",\N
"73a24311-5500-40bc-b0e8-77596eb6b9cf","KAB. PIDIE","1107","74bae6b6-3f4b-43c8-9080-ae573b126e8c","2025-03-12 12:11:48","2025-03-12 12:11:48",\N
"28bf3292-da6e-4d86-b454-d6f48568fe44","KAB. ACEH UTARA","1108","74bae6b6-3f4b-43c8-9080-ae573b126e8c","2025-03-12 12:11:48","2025-03-12 12:11:48",\N
"9dbffef3-2c24-4d67-ac8b-89f5128e8759","KAB. SIMEULUE","1109","74bae6b6-3f4b-43c8-9080-ae573b126e8c","2025-03-12 12:11:48","2025-03-12 12:11:48",\N
"9f47ea37-5c59-4c46-a15d-2001aff9616f","KAB. ACEH SINGKIL","1110","74bae6b6-3f4b-43c8-9080-ae573b126e8c","2025-03-12 12:11:48","2025-03-12 12:11:48",\N
"1384c82e-76f6-444c-a637-e626139d5054","KAB. BIREUEN","1111","74bae6b6-3f4b-43c8-9080-ae573b126e8c","2025-03-12 12:11:48","2025-03-12 12:11:48",\N
"a451668d-9903-4a46-b58b-736baff27f19","KAB. ACEH BARAT DAYA","1112","74bae6b6-3f4b-43c8-9080-ae573b126e8c","2025-03-12 12:11:48","2025-03-12 12:11:48",\N
"d16c2206-ddad-4317-9948-aabb9cc8b24c","KAB. ACEH JAYA","1114","74bae6b6-3f4b-43c8-9080-ae573b126e8c","2025-03-12 12:11:48","2025-03-12 12:11:48",\N
"13abf84d-bcee-4d24-b257-49c4075e5f0f","KAB. NAGAN RAYA","1115","74bae6b6-3f4b-43c8-9080-ae573b126e8c","2025-03-12 12:11:48","2025-03-12 12:11:48",\N
"8694d652-d972-4c26-a07b-80416d0eb633","KAB. ACEH TAMIANG","1116","74bae6b6-3f4b-43c8-9080-ae573b126e8c","2025-03-12 12:11:48","2025-03-12 12:11:48",\N
"a088a8c5-e389-4a4a-8618-38646b4bafec","KAB. BENER MERIAH","1117","74bae6b6-3f4b-43c8-9080-ae573b126e8c","2025-03-12 12:11:48","2025-03-12 12:11:48",\N
"ca318f24-17b3-4f92-899a-1dcfdae8cf8a","KAB. PIDIE JAYA","1118","74bae6b6-3f4b-43c8-9080-ae573b126e8c","2025-03-12 12:11:48","2025-03-12 12:11:48",\N
"e4d16360-461f-4f81-8af1-1730831fe38a","KOTA BANDA ACEH","1171","74bae6b6-3f4b-43c8-9080-ae573b126e8c","2025-03-12 12:11:48","2025-03-12 12:11:48",\N
"96b79b9c-62fd-42f4-bfd6-b6a450922619","KOTA SABANG","1172","74bae6b6-3f4b-43c8-9080-ae573b126e8c","2025-03-12 12:11:48","2025-03-12 12:11:48",\N
"01972dd8-1ce7-403f-a518-d09c8ca49878","KOTA LHOKSEUMAWE","1173","74bae6b6-3f4b-43c8-9080-ae573b126e8c","2025-03-12 12:11:48","2025-03-12 12:11:48",\N
"c7fe7526-e01b-4e6b-a152-bb1a40a84aba","KOTA LANGSA","1174","74bae6b6-3f4b-43c8-9080-ae573b126e8c","2025-03-12 12:11:48","2025-03-12 12:11:48",\N
"a7a1f511-4434-45e6-833d-e45caca79bc1","KOTA SUBULUSSALAM","1175","74bae6b6-3f4b-43c8-9080-ae573b126e8c","2025-03-12 12:11:48","2025-03-12 12:11:48",\N
"12af3d15-a589-4021-aab0-5d69c30901c0","KAB. TAPANULI TENGAH","1201","ef893b4b-98f3-4e90-9bf3-7462a2689f3e","2025-03-12 12:11:48","2025-03-12 12:11:48",\N
"7cf24b22-9e5f-449e-931a-20fd81803119","KAB. TAPANULI UTARA","1202","ef893b4b-98f3-4e90-9bf3-7462a2689f3e","2025-03-12 12:11:48","2025-03-12 12:11:48",\N
"2353ba62-31aa-4648-96d9-7d230edfcad1","KAB. TAPANULI SELATAN","1203","ef893b4b-98f3-4e90-9bf3-7462a2689f3e","2025-03-12 12:11:48","2025-03-12 12:11:48",\N
"905a5010-fade-45d6-a43c-b840a40ea09f","KAB. NIAS","1204","ef893b4b-98f3-4e90-9bf3-7462a2689f3e","2025-03-12 12:11:48","2025-03-12 12:11:48",\N
"19917fdd-b252-4f10-89fe-d4e351e555c1","KAB. LANGKAT","1205","ef893b4b-98f3-4e90-9bf3-7462a2689f3e","2025-03-12 12:11:48","2025-03-12 12:11:48",\N
"f6a05a4d-5b1b-4b01-9d62-ef41b3dda3a6","KAB. KARO","1206","ef893b4b-98f3-4e90-9bf3-7462a2689f3e","2025-03-12 12:11:48","2025-03-12 12:11:48",\N
"d26248fa-8925-4b83-a495-5359b39315b7","KAB. DELI SERDANG","1207","ef893b4b-98f3-4e90-9bf3-7462a2689f3e","2025-03-12 12:11:48","2025-03-12 12:11:48",\N
"f4ff1cf5-1268-4cde-8878-5dcc29d2e919","KAB. SIMALUNGUN","1208","ef893b4b-98f3-4e90-9bf3-7462a2689f3e","2025-03-12 12:11:48","2025-03-12 12:11:48",\N
"f18d4b08-1954-4466-83c8-59779472ca19","KAB. ASAHAN","1209","ef893b4b-98f3-4e90-9bf3-7462a2689f3e","2025-03-12 12:11:48","2025-03-12 12:11:48",\N
"36ced102-a6b5-41e0-a9f0-9fe7ac628b2d","KAB. LABUHANBATU","1210","ef893b4b-98f3-4e90-9bf3-7462a2689f3e","2025-03-12 12:11:48","2025-03-12 12:11:48",\N
"27cfe644-7f8d-4bc2-a606-cdf6a0722be2","KAB. DAIRI","1211","ef893b4b-98f3-4e90-9bf3-7462a2689f3e","2025-03-12 12:11:48","2025-03-12 12:11:48",\N
"a4cdf46c-359b-49be-8a3a-b898e5bd3dcb","KAB. TOBA SAMOSIR","1212","ef893b4b-98f3-4e90-9bf3-7462a2689f3e","2025-03-12 12:11:48","2025-03-12 12:11:48",\N
"0f2b3026-fcab-4ef5-a48a-bf2783df4f3a","KAB. MANDAILING NATAL","1213","ef893b4b-98f3-4e90-9bf3-7462a2689f3e","2025-03-12 12:11:48","2025-03-12 12:11:48",\N
"44e2839b-6ac5-4c08-adab-11cbd9c086eb","KAB. NIAS SELATAN","1214","ef893b4b-98f3-4e90-9bf3-7462a2689f3e","2025-03-12 12:11:48","2025-03-12 12:11:48",\N
"f8d58634-2603-41d2-95c6-4132a1fb44bb","KAB. PAKPAK BHARAT","1215","ef893b4b-98f3-4e90-9bf3-7462a2689f3e","2025-03-12 12:11:48","2025-03-12 12:11:48",\N
"bfdf5dd6-5ba3-4328-9b3f-2548bdd3bb03","KAB. HUMBANG HASUNDUTAN","1216","ef893b4b-98f3-4e90-9bf3-7462a2689f3e","2025-03-12 12:11:48","2025-03-12 12:11:48",\N
"ddcb7207-8a14-40a6-9023-b037596bc7b0","KAB. SAMOSIR","1217","ef893b4b-98f3-4e90-9bf3-7462a2689f3e","2025-03-12 12:11:48","2025-03-12 12:11:48",\N
"74133471-c988-4dbf-acf1-ffa745575a56","KAB. SERDANG BEDAGAI","1218","ef893b4b-98f3-4e90-9bf3-7462a2689f3e","2025-03-12 12:11:48","2025-03-12 12:11:48",\N
"7b5882a4-1897-46e3-a283-2ecf81168176","KAB. BATU BARA","1219","ef893b4b-98f3-4e90-9bf3-7462a2689f3e","2025-03-12 12:11:48","2025-03-12 12:11:48",\N
"63c9e67b-7656-4d51-81c9-79a7e8d1c4cb","KAB. PADANG LAWAS UTARA","1220","ef893b4b-98f3-4e90-9bf3-7462a2689f3e","2025-03-12 12:11:48","2025-03-12 12:11:48",\N
"7fae8b31-5709-4760-aaa6-d5b49fa9a5e9","KAB. PADANG LAWAS","1221","ef893b4b-98f3-4e90-9bf3-7462a2689f3e","2025-03-12 12:11:48","2025-03-12 12:11:48",\N
"0c19f2a6-e1e0-4cba-8e84-b18e1cbb1823","KAB. LABUHANBATU SELATAN","1222","ef893b4b-98f3-4e90-9bf3-7462a2689f3e","2025-03-12 12:11:48","2025-03-12 12:11:48",\N
"6a0ff5ce-e728-48dd-83a4-49441d63c64e","KAB. LABUHANBATU UTARA","1223","ef893b4b-98f3-4e90-9bf3-7462a2689f3e","2025-03-12 12:11:48","2025-03-12 12:11:48",\N
"7c2c3f7c-9e5d-4b00-b7b9-30a7d7997a9b","KAB. NIAS UTARA","1224","ef893b4b-98f3-4e90-9bf3-7462a2689f3e","2025-03-12 12:11:48","2025-03-12 12:11:48",\N
"57406e99-5d9c-4604-9de5-5e46da11155b","KAB. NIAS BARAT","1225","ef893b4b-98f3-4e90-9bf3-7462a2689f3e","2025-03-12 12:11:48","2025-03-12 12:11:48",\N
"718cb234-9887-4445-ad4b-2fc7923c8763","KOTA MEDAN","1271","ef893b4b-98f3-4e90-9bf3-7462a2689f3e","2025-03-12 12:11:48","2025-03-12 12:11:48",\N
"69e853f7-3c96-4b44-aef4-7fac38936e40","KOTA PEMATANGSIANTAR","1272","ef893b4b-98f3-4e90-9bf3-7462a2689f3e","2025-03-12 12:11:48","2025-03-12 12:11:48",\N
"5789c723-3642-4362-bcfd-c4401c8cd69a","KOTA SIBOLGA","1273","ef893b4b-98f3-4e90-9bf3-7462a2689f3e","2025-03-12 12:11:48","2025-03-12 12:11:48",\N
"a4f6a66f-b2eb-4fce-8012-f935356e95ef","KOTA TANJUNG BALAI","1274","ef893b4b-98f3-4e90-9bf3-7462a2689f3e","2025-03-12 12:11:48","2025-03-12 12:11:48",\N
"b888b30c-f6bb-4d7d-92a1-4bb92dbdbf98","KOTA BINJAI","1275","ef893b4b-98f3-4e90-9bf3-7462a2689f3e","2025-03-12 12:11:48","2025-03-12 12:11:48",\N
"09e4da65-0ce7-4220-a7ca-76a34b8bd137","KOTA TEBING TINGGI","1276","ef893b4b-98f3-4e90-9bf3-7462a2689f3e","2025-03-12 12:11:48","2025-03-12 12:11:48",\N
"a9b42b75-49d2-4b3e-ae53-61d26b69f3cc","KOTA PADANGSIDIMPUAN","1277","ef893b4b-98f3-4e90-9bf3-7462a2689f3e","2025-03-12 12:11:48","2025-03-12 12:11:48",\N
"e967097e-a5a0-4591-abeb-dd2d4cba475c","KOTA GUNUNGSITOLI","1278","ef893b4b-98f3-4e90-9bf3-7462a2689f3e","2025-03-12 12:11:48","2025-03-12 12:11:48",\N
"d64425f6-c2ce-41a0-8a38-8795fa434e15","KAB. PESISIR SELATAN","1301","5ecf303b-d5bd-4fd5-91df-0605d0a0fa9b","2025-03-12 12:11:48","2025-03-12 12:11:48",\N
"bdd5a5f9-3a61-4cb5-a296-bef6ec4a66cd","KAB. SOLOK","1302","5ecf303b-d5bd-4fd5-91df-0605d0a0fa9b","2025-03-12 12:11:48","2025-03-12 12:11:48",\N
"e49d0f90-056d-40e6-a9f7-a949ad083d03","KAB. SIJUNJUNG","1303","5ecf303b-d5bd-4fd5-91df-0605d0a0fa9b","2025-03-12 12:11:48","2025-03-12 12:11:48",\N
"c13f727c-cc05-464f-824b-2908c7c0ff55","KAB. TANAH DATAR","1304","5ecf303b-d5bd-4fd5-91df-0605d0a0fa9b","2025-03-12 12:11:48","2025-03-12 12:11:48",\N
"e847d5ac-8a68-4aae-9f3b-66b47557a494","KAB. PADANG PARIAMAN","1305","5ecf303b-d5bd-4fd5-91df-0605d0a0fa9b","2025-03-12 12:11:48","2025-03-12 12:11:48",\N
"1486a4f2-870f-4d88-a279-88c8a3b46f36","KAB. AGAM","1306","5ecf303b-d5bd-4fd5-91df-0605d0a0fa9b","2025-03-12 12:11:48","2025-03-12 12:11:48",\N
"e4d69992-5269-4291-b6d8-0b22502d00be","KAB. LIMA PULUH KOTA","1307","5ecf303b-d5bd-4fd5-91df-0605d0a0fa9b","2025-03-12 12:11:48","2025-03-12 12:11:48",\N
"f58cc1d8-c552-4750-b5d2-e543255822a7","KAB. PASAMAN","1308","5ecf303b-d5bd-4fd5-91df-0605d0a0fa9b","2025-03-12 12:11:48","2025-03-12 12:11:48",\N
"176105fb-b6b7-4d1c-af5f-8e5a795f62f8","KAB. KEPULAUAN MENTAWAI","1309","5ecf303b-d5bd-4fd5-91df-0605d0a0fa9b","2025-03-12 12:11:48","2025-03-12 12:11:48",\N
"d6f91bf1-fad5-4f61-9541-1647c0497b63","KAB. DHARMASRAYA","1310","5ecf303b-d5bd-4fd5-91df-0605d0a0fa9b","2025-03-12 12:11:48","2025-03-12 12:11:48",\N
"cc4572f7-feb7-40c5-b8b9-f5afa2ec39b3","KAB. SOLOK SELATAN","1311","5ecf303b-d5bd-4fd5-91df-0605d0a0fa9b","2025-03-12 12:11:48","2025-03-12 12:11:48",\N
"db46c917-bb67-4123-97ff-709a22090163","KAB. PASAMAN BARAT","1312","5ecf303b-d5bd-4fd5-91df-0605d0a0fa9b","2025-03-12 12:11:48","2025-03-12 12:11:48",\N
"46fa63ea-dbf7-4039-b121-bf53a3fd1eb9","KOTA PADANG","1371","5ecf303b-d5bd-4fd5-91df-0605d0a0fa9b","2025-03-12 12:11:48","2025-03-12 12:11:48",\N
"7f6a2135-ffe8-45ae-a215-66a159173034","KOTA SOLOK","1372","5ecf303b-d5bd-4fd5-91df-0605d0a0fa9b","2025-03-12 12:11:48","2025-03-12 12:11:48",\N
"95082b84-9e29-45c4-b770-5d31f03655db","KOTA SAWAHLUNTO","1373","5ecf303b-d5bd-4fd5-91df-0605d0a0fa9b","2025-03-12 12:11:48","2025-03-12 12:11:48",\N
"e534e986-6efa-49ef-a70e-00f6348db6da","KOTA PADANG PANJANG","1374","5ecf303b-d5bd-4fd5-91df-0605d0a0fa9b","2025-03-12 12:11:48","2025-03-12 12:11:48",\N
"e3df8099-7238-4e75-8388-2e0653af331e","KOTA BUKITTINGGI","1375","5ecf303b-d5bd-4fd5-91df-0605d0a0fa9b","2025-03-12 12:11:48","2025-03-12 12:11:48",\N
"ab26bebb-0486-45f5-ae6f-60deebcbf4d8","KOTA PAYAKUMBUH","1376","5ecf303b-d5bd-4fd5-91df-0605d0a0fa9b","2025-03-12 12:11:48","2025-03-12 12:11:48",\N
"ec5ef889-bf48-4f58-86b8-9b2537b35ede","KOTA PARIAMAN","1377","5ecf303b-d5bd-4fd5-91df-0605d0a0fa9b","2025-03-12 12:11:48","2025-03-12 12:11:48",\N
"3aa63c13-447d-437f-90bc-097a38161c14","KAB. KAMPAR","1401","6b572cf9-1832-4730-960a-30ac539795d3","2025-03-12 12:11:48","2025-03-12 12:11:48",\N
"f517b72c-9394-454a-b5b4-77d35ba59a85","KAB. INDRAGIRI HULU","1402","6b572cf9-1832-4730-960a-30ac539795d3","2025-03-12 12:11:48","2025-03-12 12:11:48",\N
"0a0f79cf-7437-4482-bf4f-95a4c34cdd67","KAB. BENGKALIS","1403","6b572cf9-1832-4730-960a-30ac539795d3","2025-03-12 12:11:48","2025-03-12 12:11:48",\N
"d51e2dd5-295e-498d-ab84-93343fdf9895","KAB. INDRAGIRI HILIR","1404","6b572cf9-1832-4730-960a-30ac539795d3","2025-03-12 12:11:48","2025-03-12 12:11:48",\N
"d4cb74e9-2028-4994-ab41-b0f217c376af","KAB. PELALAWAN","1405","6b572cf9-1832-4730-960a-30ac539795d3","2025-03-12 12:11:48","2025-03-12 12:11:48",\N
"018bf413-1f33-42c6-8023-f1ac77af2e74","KAB. ROKAN HULU","1406","6b572cf9-1832-4730-960a-30ac539795d3","2025-03-12 12:11:48","2025-03-12 12:11:48",\N
"9f019268-eb7e-40f3-86db-16d1009a9e69","KAB. ROKAN HILIR","1407","6b572cf9-1832-4730-960a-30ac539795d3","2025-03-12 12:11:48","2025-03-12 12:11:48",\N
"73b31550-a2c5-413f-943d-e16fa8af63aa","KAB. SIAK","1408","6b572cf9-1832-4730-960a-30ac539795d3","2025-03-12 12:11:48","2025-03-12 12:11:48",\N
"e105d3c3-5eb5-4134-9f35-2c14489869f5","KAB. KUANTAN SINGINGI","1409","6b572cf9-1832-4730-960a-30ac539795d3","2025-03-12 12:11:48","2025-03-12 12:11:48",\N
"6c76cb19-7a18-41a2-981e-1c0525310a9d","KAB. KEPULAUAN MERANTI","1410","6b572cf9-1832-4730-960a-30ac539795d3","2025-03-12 12:11:48","2025-03-12 12:11:48",\N
"799d75b1-3860-4a60-924c-d371462f7b2c","KOTA PEKANBARU","1471","6b572cf9-1832-4730-960a-30ac539795d3","2025-03-12 12:11:48","2025-03-12 12:11:48",\N
"313d7c40-6d6c-44de-a558-1a4eaac56833","KOTA DUMAI","1472","6b572cf9-1832-4730-960a-30ac539795d3","2025-03-12 12:11:48","2025-03-12 12:11:48",\N
"8df6363b-e6ba-47cb-b54e-f352b6ebc14d","KAB. KERINCI","1501","daac5137-b933-4cdb-98fc-2a462e578709","2025-03-12 12:11:48","2025-03-12 12:11:48",\N
"5e925f25-671d-4307-84b6-daaff0bdfd3e","KAB. MERANGIN","1502","daac5137-b933-4cdb-98fc-2a462e578709","2025-03-12 12:11:48","2025-03-12 12:11:48",\N
"bdb20dd3-a145-48ff-ad4c-d11b3c7a29af","KAB. SAROLANGUN","1503","daac5137-b933-4cdb-98fc-2a462e578709","2025-03-12 12:11:48","2025-03-12 12:11:48",\N
"9b9acbbe-f825-4372-9d2a-0931d7f0d4ed","KAB. BATANGHARI","1504","daac5137-b933-4cdb-98fc-2a462e578709","2025-03-12 12:11:48","2025-03-12 12:11:48",\N
"aeb5c5ac-3704-4d1f-84c6-9c3aa80565b2","KAB. MUARO JAMBI","1505","daac5137-b933-4cdb-98fc-2a462e578709","2025-03-12 12:11:48","2025-03-12 12:11:48",\N
"58394af2-4fab-4e48-b101-4195a5ebda04","KAB. TANJUNG JABUNG BARAT","1506","daac5137-b933-4cdb-98fc-2a462e578709","2025-03-12 12:11:48","2025-03-12 12:11:48",\N
"a68c0d20-7932-4b94-87b7-11e257d50037","KAB. TANJUNG JABUNG TIMUR","1507","daac5137-b933-4cdb-98fc-2a462e578709","2025-03-12 12:11:48","2025-03-12 12:11:48",\N
"45478066-9dd9-4b6b-95d0-28279617cd8d","KAB. BUNGO","1508","daac5137-b933-4cdb-98fc-2a462e578709","2025-03-12 12:11:48","2025-03-12 12:11:48",\N
"5c1024b7-d050-4ce7-9551-751a1eda30fd","KAB. TEBO","1509","daac5137-b933-4cdb-98fc-2a462e578709","2025-03-12 12:11:48","2025-03-12 12:11:48",\N
"19e64c6c-7092-4629-8f3c-6ee6d2f52919","KOTA JAMBI","1571","daac5137-b933-4cdb-98fc-2a462e578709","2025-03-12 12:11:48","2025-03-12 12:11:48",\N
"39503854-da64-44c0-a35c-dbfca020eddc","KOTA SUNGAI PENUH","1572","daac5137-b933-4cdb-98fc-2a462e578709","2025-03-12 12:11:48","2025-03-12 12:11:48",\N
"5692c882-b448-4ddd-863c-d9e31aec68fd","KAB. OGAN KOMERING ULU","1601","0073b6e3-6c10-4922-9b78-0df1632e4f53","2025-03-12 12:11:48","2025-03-12 12:11:48",\N
"db5cb2c6-a922-4c7d-b42c-9bd9e4ddad6d","KAB. OGAN KOMERING ILIR","1602","0073b6e3-6c10-4922-9b78-0df1632e4f53","2025-03-12 12:11:48","2025-03-12 12:11:48",\N
"0e4c10fb-26fe-4bf0-8483-4ffbabbcd34e","KAB. MUARA ENIM","1603","0073b6e3-6c10-4922-9b78-0df1632e4f53","2025-03-12 12:11:48","2025-03-12 12:11:48",\N
"213e002c-d67b-4cf6-b865-fe25c92f89a7","KAB. LAHAT","1604","0073b6e3-6c10-4922-9b78-0df1632e4f53","2025-03-12 12:11:48","2025-03-12 12:11:48",\N
"2614f3d4-9985-4932-954f-5917952c795e","KAB. MUSI RAWAS","1605","0073b6e3-6c10-4922-9b78-0df1632e4f53","2025-03-12 12:11:48","2025-03-12 12:11:48",\N
"447e33cf-8d40-40cb-a5f5-4b00f55e65e9","KAB. MUSI BANYUASIN","1606","0073b6e3-6c10-4922-9b78-0df1632e4f53","2025-03-12 12:11:48","2025-03-12 12:11:48",\N
"4f69c79c-8429-411d-b18c-c83c20906914","KAB. BANYUASIN","1607","0073b6e3-6c10-4922-9b78-0df1632e4f53","2025-03-12 12:11:48","2025-03-12 12:11:48",\N
"6e1e87fe-2ac9-4700-85da-4f08848f44b9","KAB. OGAN KOMERING ULU TIMUR","1608","0073b6e3-6c10-4922-9b78-0df1632e4f53","2025-03-12 12:11:48","2025-03-12 12:11:48",\N
"a44a75e9-8a8c-43f9-b8fb-acdd8d4c79a5","KAB. OGAN KOMERING ULU SELATAN","1609","0073b6e3-6c10-4922-9b78-0df1632e4f53","2025-03-12 12:11:48","2025-03-12 12:11:48",\N
"50c6c7b9-cf93-47dd-a51d-6be26a972aa7","KAB. OGAN ILIR","1610","0073b6e3-6c10-4922-9b78-0df1632e4f53","2025-03-12 12:11:48","2025-03-12 12:11:48",\N
"820fdf14-fd44-4209-b32d-cd3fc203f448","KAB. EMPAT LAWANG","1611","0073b6e3-6c10-4922-9b78-0df1632e4f53","2025-03-12 12:11:48","2025-03-12 12:11:48",\N
"8fecd254-94db-4bcf-b455-ea5ef15aea99","KAB. PENUKAL ABAB LEMATANG ILIR","1612","0073b6e3-6c10-4922-9b78-0df1632e4f53","2025-03-12 12:11:48","2025-03-12 12:11:48",\N
"58522285-874b-4818-b521-98712d124e56","KAB. MUSI RAWAS UTARA","1613","0073b6e3-6c10-4922-9b78-0df1632e4f53","2025-03-12 12:11:48","2025-03-12 12:11:48",\N
"42e5e9b3-0f4b-4455-9886-210b2c4f8e64","KOTA PALEMBANG","1671","0073b6e3-6c10-4922-9b78-0df1632e4f53","2025-03-12 12:11:48","2025-03-12 12:11:48",\N
"7cab7f87-9cea-434d-8bc2-fb0ee0b83abc","KOTA PAGAR ALAM","1672","0073b6e3-6c10-4922-9b78-0df1632e4f53","2025-03-12 12:11:48","2025-03-12 12:11:48",\N
"ab45d1e0-a1aa-4a2f-86c6-5b199ba1495f","KOTA LUBUK LINGGAU","1673","0073b6e3-6c10-4922-9b78-0df1632e4f53","2025-03-12 12:11:48","2025-03-12 12:11:48",\N
"84237758-ff8c-4d24-bd52-ac3d3c26bd31","KOTA PRABUMULIH","1674","0073b6e3-6c10-4922-9b78-0df1632e4f53","2025-03-12 12:11:48","2025-03-12 12:11:48",\N
"6f16b075-c010-4f23-8460-fa7b18a4f94e","KAB. BENGKULU SELATAN","1701","5c3b029d-f84c-4030-9e06-02ed485b7683","2025-03-12 12:11:48","2025-03-12 12:11:48",\N
"d6743063-2cbb-4a46-b856-d44d40c8872c","KAB. REJANG LEBONG","1702","5c3b029d-f84c-4030-9e06-02ed485b7683","2025-03-12 12:11:48","2025-03-12 12:11:48",\N
"a9d54b1a-f630-4397-8e15-a9da071d0b02","KAB. BENGKULU UTARA","1703","5c3b029d-f84c-4030-9e06-02ed485b7683","2025-03-12 12:11:48","2025-03-12 12:11:48",\N
"39ceac5e-ffde-42db-b1ec-494c36922ede","KAB. KAUR","1704","5c3b029d-f84c-4030-9e06-02ed485b7683","2025-03-12 12:11:48","2025-03-12 12:11:48",\N
"c14c7b8b-392b-41a8-b39c-46dec5382339","KAB. SELUMA","1705","5c3b029d-f84c-4030-9e06-02ed485b7683","2025-03-12 12:11:48","2025-03-12 12:11:48",\N
"53341e7c-d7e6-466d-a280-c3dbab06d91e","KAB. MUKO MUKO","1706","5c3b029d-f84c-4030-9e06-02ed485b7683","2025-03-12 12:11:48","2025-03-12 12:11:48",\N
"a3e417b5-90af-4c2d-a845-ece702ea1e2b","KAB. LEBONG","1707","5c3b029d-f84c-4030-9e06-02ed485b7683","2025-03-12 12:11:48","2025-03-12 12:11:48",\N
"10277b57-cf84-4b71-9795-52928a05a52c","KAB. KEPAHIANG","1708","5c3b029d-f84c-4030-9e06-02ed485b7683","2025-03-12 12:11:48","2025-03-12 12:11:48",\N
"73c964c7-0e46-4269-92bc-908515a242ac","KAB. BENGKULU TENGAH","1709","5c3b029d-f84c-4030-9e06-02ed485b7683","2025-03-12 12:11:48","2025-03-12 12:11:48",\N
"32f50e58-89c3-4925-a9c0-29beffb25240","KOTA BENGKULU","1771","5c3b029d-f84c-4030-9e06-02ed485b7683","2025-03-12 12:11:48","2025-03-12 12:11:48",\N
"cb48289a-d8c7-45fc-a170-da7418453a4e","KAB. LAMPUNG SELATAN","1801","e1506604-abe9-4f2d-ad83-1a3d3791771a","2025-03-12 12:11:48","2025-03-12 12:11:48",\N
"2e3efb71-14b9-4f90-9416-67536a675eab","KAB. LAMPUNG TENGAH","1802","e1506604-abe9-4f2d-ad83-1a3d3791771a","2025-03-12 12:11:48","2025-03-12 12:11:48",\N
"b269babf-929a-42ad-ace7-a5fff6651c76","KAB. LAMPUNG UTARA","1803","e1506604-abe9-4f2d-ad83-1a3d3791771a","2025-03-12 12:11:48","2025-03-12 12:11:48",\N
"d6bee37e-d0d7-4f15-b298-8e88875a3754","KAB. LAMPUNG BARAT","1804","e1506604-abe9-4f2d-ad83-1a3d3791771a","2025-03-12 12:11:48","2025-03-12 12:11:48",\N
"59add30f-7fca-443f-929f-2ce1bdafbebd","KAB. TULANG BAWANG","1805","e1506604-abe9-4f2d-ad83-1a3d3791771a","2025-03-12 12:11:48","2025-03-12 12:11:48",\N
"9b05d6ff-9100-425b-b0a5-bb755a6d2b09","KAB. TANGGAMUS","1806","e1506604-abe9-4f2d-ad83-1a3d3791771a","2025-03-12 12:11:48","2025-03-12 12:11:48",\N
"df9aa021-93ab-4c89-9692-002b3ff4dd92","KAB. LAMPUNG TIMUR","1807","e1506604-abe9-4f2d-ad83-1a3d3791771a","2025-03-12 12:11:48","2025-03-12 12:11:48",\N
"f036d143-afcd-4075-86cd-8aba73dd7f3e","KAB. WAY KANAN","1808","e1506604-abe9-4f2d-ad83-1a3d3791771a","2025-03-12 12:11:48","2025-03-12 12:11:48",\N
"4860c7f6-42ea-4f13-b286-325591184d33","KAB. PESAWARAN","1809","e1506604-abe9-4f2d-ad83-1a3d3791771a","2025-03-12 12:11:48","2025-03-12 12:11:48",\N
"555d45f5-1f56-42c9-900b-c7d9121f35f3","KAB. PRINGSEWU","1810","e1506604-abe9-4f2d-ad83-1a3d3791771a","2025-03-12 12:11:48","2025-03-12 12:11:48",\N
"b0a4de45-1b8b-419d-9deb-50f534dfcb69","KAB. MESUJI","1811","e1506604-abe9-4f2d-ad83-1a3d3791771a","2025-03-12 12:11:48","2025-03-12 12:11:48",\N
"a9a83945-18cc-4b09-bad1-fdb5342344fa","KAB. TULANG BAWANG BARAT","1812","e1506604-abe9-4f2d-ad83-1a3d3791771a","2025-03-12 12:11:48","2025-03-12 12:11:48",\N
"cf59e940-bad7-4e6b-8f7e-f62b09439a00","KAB. PESISIR BARAT","1813","e1506604-abe9-4f2d-ad83-1a3d3791771a","2025-03-12 12:11:48","2025-03-12 12:11:48",\N
"37185823-8951-4da5-9bc3-2500c00c5a7e","KOTA BANDAR LAMPUNG","1871","e1506604-abe9-4f2d-ad83-1a3d3791771a","2025-03-12 12:11:48","2025-03-12 12:11:48",\N
"f9561fd4-a9ac-48ee-8194-ad9a0be6ae25","KOTA METRO","1872","e1506604-abe9-4f2d-ad83-1a3d3791771a","2025-03-12 12:11:48","2025-03-12 12:11:48",\N
"c26996fe-594c-4147-afac-ba2fa015dce0","KAB. BANGKA","1901","2a828d05-146d-4193-964f-342eb271dacd","2025-03-12 12:11:48","2025-03-12 12:11:48",\N
"1935e7ae-5792-41fd-88c7-fa8d13fed1da","KAB. BELITUNG","1902","2a828d05-146d-4193-964f-342eb271dacd","2025-03-12 12:11:48","2025-03-12 12:11:48",\N
"30f606a4-c244-4312-b147-bd8d49f8067a","KAB. BANGKA SELATAN","1903","2a828d05-146d-4193-964f-342eb271dacd","2025-03-12 12:11:48","2025-03-12 12:11:48",\N
"98daefe7-54f9-42c2-b0e2-53c74d4d1dd3","KAB. BANGKA TENGAH","1904","2a828d05-146d-4193-964f-342eb271dacd","2025-03-12 12:11:48","2025-03-12 12:11:48",\N
"99fdb705-748f-499e-bcea-e94fbeb18c12","KAB. BANGKA BARAT","1905","2a828d05-146d-4193-964f-342eb271dacd","2025-03-12 12:11:48","2025-03-12 12:11:48",\N
"0d066a61-d91f-410a-a44c-4c74bd21f1d8","KAB. BELITUNG TIMUR","1906","2a828d05-146d-4193-964f-342eb271dacd","2025-03-12 12:11:48","2025-03-12 12:11:48",\N
"a94bc79d-781c-45a9-acc8-0f47aed3fc9e","KOTA PANGKAL PINANG","1971","2a828d05-146d-4193-964f-342eb271dacd","2025-03-12 12:11:48","2025-03-12 12:11:48",\N
"488b28ae-9609-4828-824e-e611ef5eeb10","KAB. BINTAN","2101","6fd3fc2b-c588-441d-8c7c-ab7464d40862","2025-03-12 12:11:48","2025-03-12 12:11:48",\N
"9fac54b7-bd39-4f9f-bb65-df44d23f72a4","KAB. KARIMUN","2102","6fd3fc2b-c588-441d-8c7c-ab7464d40862","2025-03-12 12:11:48","2025-03-12 12:11:48",\N
"1defcc2a-adde-40c2-b74c-390662163f59","KAB. NATUNA","2103","6fd3fc2b-c588-441d-8c7c-ab7464d40862","2025-03-12 12:11:48","2025-03-12 12:11:48",\N
"b3c36378-e353-403d-8855-8a51d70731b1","KAB. LINGGA","2104","6fd3fc2b-c588-441d-8c7c-ab7464d40862","2025-03-12 12:11:48","2025-03-12 12:11:48",\N
"737c6303-aed9-48d0-9a5b-d051e114a261","KAB. KEPULAUAN ANAMBAS","2105","6fd3fc2b-c588-441d-8c7c-ab7464d40862","2025-03-12 12:11:48","2025-03-12 12:11:48",\N
"ad23f583-96a8-4657-93e2-a3924c2cb82c","KOTA BATAM","2171","6fd3fc2b-c588-441d-8c7c-ab7464d40862","2025-03-12 12:11:48","2025-03-12 12:11:48",\N
"23934309-fb3c-4c0c-8eba-2e01cb0d4428","KOTA TANJUNG PINANG","2172","6fd3fc2b-c588-441d-8c7c-ab7464d40862","2025-03-12 12:11:48","2025-03-12 12:11:48",\N
"9d57a582-0dd0-40cc-8ca3-f202cb2da408","KAB. BOGOR","3201","13743c3a-de79-470c-9224-fd012986b63e","2025-03-12 12:11:48","2025-03-12 12:11:48",\N
"776daa11-0cae-4a2b-adab-46ec2b2a4589","KAB. SUKABUMI","3202","13743c3a-de79-470c-9224-fd012986b63e","2025-03-12 12:11:48","2025-03-12 12:11:48",\N
"381053ce-0c32-400a-a157-7570deb55606","KAB. BANDUNG","3204","13743c3a-de79-470c-9224-fd012986b63e","2025-03-12 12:11:48","2025-03-12 12:11:48",\N
"ecdcd883-9359-4e8d-abd8-b48a8f71ddd3","KAB. GARUT","3205","13743c3a-de79-470c-9224-fd012986b63e","2025-03-12 12:11:48","2025-03-12 12:11:48",\N
"247cc97c-461a-4066-a9c5-0dd7a41133af","KAB. TASIKMALAYA","3206","13743c3a-de79-470c-9224-fd012986b63e","2025-03-12 12:11:48","2025-03-12 12:11:48",\N
"8e964b62-314a-44de-a81f-585c900c6562","KAB. CIAMIS","3207","13743c3a-de79-470c-9224-fd012986b63e","2025-03-12 12:11:48","2025-03-12 12:11:48",\N
"f824dfd1-5909-49ff-910b-6fd82f2de577","KAB. KUNINGAN","3208","13743c3a-de79-470c-9224-fd012986b63e","2025-03-12 12:11:48","2025-03-12 12:11:48",\N
"bbc019aa-22b9-43e7-b07e-1ac2f4674f0d","KAB. CIREBON","3209","13743c3a-de79-470c-9224-fd012986b63e","2025-03-12 12:11:48","2025-03-12 12:11:48",\N
"8932ed6f-8348-49f9-8ac7-7aa4194bd765","KAB. MAJALENGKA","3210","13743c3a-de79-470c-9224-fd012986b63e","2025-03-12 12:11:48","2025-03-12 12:11:48",\N
"da677829-6a87-4b66-bdcb-73ee91dbff01","KAB. SUMEDANG","3211","13743c3a-de79-470c-9224-fd012986b63e","2025-03-12 12:11:48","2025-03-12 12:11:48",\N
"db3ba14c-6565-45b1-bf27-fcad9d48c1ca","KAB. INDRAMAYU","3212","13743c3a-de79-470c-9224-fd012986b63e","2025-03-12 12:11:48","2025-03-12 12:11:48",\N
"20b7d085-7e5a-4ace-936d-a48fa501531f","KAB. SUBANG","3213","13743c3a-de79-470c-9224-fd012986b63e","2025-03-12 12:11:48","2025-03-12 12:11:48",\N
"57982132-094f-4f72-bb01-3d97010c7194","KAB. PURWAKARTA","3214","13743c3a-de79-470c-9224-fd012986b63e","2025-03-12 12:11:48","2025-03-12 12:11:48",\N
"ba2a3792-725a-4011-910a-7201cbea6aca","KAB. KARAWANG","3215","13743c3a-de79-470c-9224-fd012986b63e","2025-03-12 12:11:48","2025-03-12 12:11:48",\N
"6ff08274-ee15-42b3-b795-c5cecebb37dd","KAB. BEKASI","3216","13743c3a-de79-470c-9224-fd012986b63e","2025-03-12 12:11:48","2025-03-12 12:11:48",\N
"c66323af-4f4f-4e63-b7c0-4685a78a1f68","KAB. BANDUNG BARAT","3217","13743c3a-de79-470c-9224-fd012986b63e","2025-03-12 12:11:48","2025-03-12 12:11:48",\N
"10573427-dc95-4ac3-bd17-99cece323e29","KAB. PANGANDARAN","3218","13743c3a-de79-470c-9224-fd012986b63e","2025-03-12 12:11:48","2025-03-12 12:11:48",\N
"d21b59ca-a5ec-485b-a7f5-a33e7cec35d7","KOTA BOGOR","3271","13743c3a-de79-470c-9224-fd012986b63e","2025-03-12 12:11:48","2025-03-12 12:11:48",\N
"2fe70020-6154-43a0-bee0-01452c1faf0a","KOTA SUKABUMI","3272","13743c3a-de79-470c-9224-fd012986b63e","2025-03-12 12:11:48","2025-03-12 12:11:48",\N
"2c88f068-8500-4a2b-bdc0-3efd20e2a323","KOTA BANDUNG","3273","13743c3a-de79-470c-9224-fd012986b63e","2025-03-12 12:11:48","2025-03-12 12:11:48",\N
"a48360c4-f601-495e-8e46-664deb4c55e8","JAKARTA UTARA","3172","3f05235f-b7a0-4332-abaa-f1d065326cca","2025-03-12 12:11:48","2025-03-12 12:11:48",\N
"0b604cea-bb6d-4127-962f-ccbc396150ec","JAKARTA BARAT","3173","3f05235f-b7a0-4332-abaa-f1d065326cca","2025-03-12 12:11:48","2025-03-12 12:11:48",\N
"f395df80-09bd-4fe0-a638-99b50afc3741","JAKARTA SELATAN","3174","3f05235f-b7a0-4332-abaa-f1d065326cca","2025-03-12 12:11:48","2025-03-12 12:11:48",\N
"6f923978-fbeb-432a-a85a-bbc3d31382c4","JAKARTA TIMUR","3175","3f05235f-b7a0-4332-abaa-f1d065326cca","2025-03-12 12:11:48","2025-03-12 12:11:48",\N
"ce349395-9f65-47f3-822e-78c2f0164941","JAKARTA PUSAT","3171","3f05235f-b7a0-4332-abaa-f1d065326cca","2025-03-12 12:11:48","2025-03-12 12:11:48",\N
"4a2606e1-6ad0-4998-a620-dec67a5898f8","KOTA CIREBON","3274","13743c3a-de79-470c-9224-fd012986b63e","2025-03-12 12:11:48","2025-03-12 12:11:48",\N
"ffef16fc-7505-45b7-8ee9-63a7f34c670f","KOTA BEKASI","3275","13743c3a-de79-470c-9224-fd012986b63e","2025-03-12 12:11:48","2025-03-12 12:11:48",\N
"7fb7e6d1-10be-46c1-907c-be8be268c3fa","KOTA DEPOK","3276","13743c3a-de79-470c-9224-fd012986b63e","2025-03-12 12:11:48","2025-03-12 12:11:48",\N
"778714aa-6279-4838-83f7-8fe62f4d8ada","KOTA CIMAHI","3277","13743c3a-de79-470c-9224-fd012986b63e","2025-03-12 12:11:48","2025-03-12 12:11:48",\N
"9dc854bb-cf71-4adf-8edd-3436487a4f26","KOTA TASIKMALAYA","3278","13743c3a-de79-470c-9224-fd012986b63e","2025-03-12 12:11:48","2025-03-12 12:11:48",\N
"f653dbe4-b858-4ce9-984f-daf0e8d1c981","KOTA BANJAR","3279","13743c3a-de79-470c-9224-fd012986b63e","2025-03-12 12:11:48","2025-03-12 12:11:48",\N
"da934c78-e641-484f-97de-3c75ca6a25c3","KAB. CILACAP","3301","38c3be86-e6f8-405f-9217-e34db3b3da78","2025-03-12 12:11:48","2025-03-12 12:11:48",\N
"4b4d753c-b9dc-461b-aed0-8c212cbfd494","KAB. BANYUMAS","3302","38c3be86-e6f8-405f-9217-e34db3b3da78","2025-03-12 12:11:48","2025-03-12 12:11:48",\N
"83f5d54e-5f47-4090-8947-2d3066fbe06a","KAB. PURBALINGGA","3303","38c3be86-e6f8-405f-9217-e34db3b3da78","2025-03-12 12:11:48","2025-03-12 12:11:48",\N
"e6eb9564-d96f-4bb6-ae67-3fc6fd75f122","KAB. BANJARNEGARA","3304","38c3be86-e6f8-405f-9217-e34db3b3da78","2025-03-12 12:11:48","2025-03-12 12:11:48",\N
"79cb8dc9-ff46-427a-ad5f-901b0d07229b","KAB. KEBUMEN","3305","38c3be86-e6f8-405f-9217-e34db3b3da78","2025-03-12 12:11:48","2025-03-12 12:11:48",\N
"cb8ebd7b-9c1a-4c2a-a891-dde38e1e1d09","KAB. PURWOREJO","3306","38c3be86-e6f8-405f-9217-e34db3b3da78","2025-03-12 12:11:48","2025-03-12 12:11:48",\N
"341d2f9a-aba1-45e0-adc4-2492dbd4f79a","KAB. WONOSOBO","3307","38c3be86-e6f8-405f-9217-e34db3b3da78","2025-03-12 12:11:48","2025-03-12 12:11:48",\N
"8748d7de-2950-492a-a075-153a4a7b085c","KAB. MAGELANG","3308","38c3be86-e6f8-405f-9217-e34db3b3da78","2025-03-12 12:11:48","2025-03-12 12:11:48",\N
"3ddc74dc-c98a-476f-be5c-56343d1b6159","KAB. BOYOLALI","3309","38c3be86-e6f8-405f-9217-e34db3b3da78","2025-03-12 12:11:48","2025-03-12 12:11:48",\N
"da952d90-9efb-46fd-bb1a-d2c903345368","KAB. KLATEN","3310","38c3be86-e6f8-405f-9217-e34db3b3da78","2025-03-12 12:11:48","2025-03-12 12:11:48",\N
"1a3ed72f-d23d-497b-937c-71a5b31f2b8f","KAB. SUKOHARJO","3311","38c3be86-e6f8-405f-9217-e34db3b3da78","2025-03-12 12:11:48","2025-03-12 12:11:48",\N
"14af1721-9cb2-4f04-a732-efff6bf8d200","KAB. WONOGIRI","3312","38c3be86-e6f8-405f-9217-e34db3b3da78","2025-03-12 12:11:48","2025-03-12 12:11:48",\N
"b35c2a88-2e76-4764-b077-bd10b4155bbb","KAB. KARANGANYAR","3313","38c3be86-e6f8-405f-9217-e34db3b3da78","2025-03-12 12:11:48","2025-03-12 12:11:48",\N
"3781cfcd-4647-496e-85a0-64214f217bfe","KAB. SRAGEN","3314","38c3be86-e6f8-405f-9217-e34db3b3da78","2025-03-12 12:11:48","2025-03-12 12:11:48",\N
"a33d06a0-d24c-4aba-b548-fbc9759bdaad","KAB. GROBOGAN","3315","38c3be86-e6f8-405f-9217-e34db3b3da78","2025-03-12 12:11:48","2025-03-12 12:11:48",\N
"f36cc10d-1b3d-44e9-ab0a-af22d06d6ff3","KAB. BLORA","3316","38c3be86-e6f8-405f-9217-e34db3b3da78","2025-03-12 12:11:48","2025-03-12 12:11:48",\N
"76665865-7c48-4fd6-83c1-ece3b7d55db7","KAB. REMBANG","3317","38c3be86-e6f8-405f-9217-e34db3b3da78","2025-03-12 12:11:48","2025-03-12 12:11:48",\N
"d0bbd9d9-c028-410f-86f7-c30cad4393c9","KAB. PATI","3318","38c3be86-e6f8-405f-9217-e34db3b3da78","2025-03-12 12:11:48","2025-03-12 12:11:48",\N
"666bfd89-280a-45a3-9d65-0ca7c54e247f","KAB. KUDUS","3319","38c3be86-e6f8-405f-9217-e34db3b3da78","2025-03-12 12:11:48","2025-03-12 12:11:48",\N
"bcfd2e5f-0bbd-417c-a7a7-44201bb0d726","KAB. JEPARA","3320","38c3be86-e6f8-405f-9217-e34db3b3da78","2025-03-12 12:11:48","2025-03-12 12:11:48",\N
"e707e564-d6df-42f7-9a7b-24f6eb0ebbcb","KAB. DEMAK","3321","38c3be86-e6f8-405f-9217-e34db3b3da78","2025-03-12 12:11:48","2025-03-12 12:11:48",\N
"068b9403-22df-4cf3-91ba-20dc4469d34d","KAB. SEMARANG","3322","38c3be86-e6f8-405f-9217-e34db3b3da78","2025-03-12 12:11:48","2025-03-12 12:11:48",\N
"a1a071ff-76ba-4a81-bf26-e47953fea0a8","KAB. TEMANGGUNG","3323","38c3be86-e6f8-405f-9217-e34db3b3da78","2025-03-12 12:11:48","2025-03-12 12:11:48",\N
"5459161e-27d9-403c-acef-bbcbaeb1390c","KAB. KENDAL","3324","38c3be86-e6f8-405f-9217-e34db3b3da78","2025-03-12 12:11:48","2025-03-12 12:11:48",\N
"763c3d3b-7acf-4848-91cb-d4aa79fb9a6e","KAB. BATANG","3325","38c3be86-e6f8-405f-9217-e34db3b3da78","2025-03-12 12:11:48","2025-03-12 12:11:48",\N
"b77b6128-701b-4c5c-b874-e28506a40072","KAB. PEKALONGAN","3326","38c3be86-e6f8-405f-9217-e34db3b3da78","2025-03-12 12:11:48","2025-03-12 12:11:48",\N
"86fe4426-d3c0-45d7-bd9f-43617de05c9f","KAB. PEMALANG","3327","38c3be86-e6f8-405f-9217-e34db3b3da78","2025-03-12 12:11:48","2025-03-12 12:11:48",\N
"d8412e15-b4ea-4fba-b3d5-63192307d536","KAB. TEGAL","3328","38c3be86-e6f8-405f-9217-e34db3b3da78","2025-03-12 12:11:48","2025-03-12 12:11:48",\N
"1e941718-b579-43b4-860e-625fcc9aaa0b","KAB. BREBES","3329","38c3be86-e6f8-405f-9217-e34db3b3da78","2025-03-12 12:11:48","2025-03-12 12:11:48",\N
"f3f1ffd0-442c-4b9b-b6e3-3116e38d747e","KOTA MAGELANG","3371","38c3be86-e6f8-405f-9217-e34db3b3da78","2025-03-12 12:11:48","2025-03-12 12:11:48",\N
"c8220abe-5dad-4f20-b0db-78d7f91371c9","KOTA SURAKARTA","3372","38c3be86-e6f8-405f-9217-e34db3b3da78","2025-03-12 12:11:48","2025-03-12 12:11:48",\N
"ebad1d65-946e-4561-bf54-1fbc13e58819","KOTA SALATIGA","3373","38c3be86-e6f8-405f-9217-e34db3b3da78","2025-03-12 12:11:48","2025-03-12 12:11:48",\N
"9f8e8511-0bf0-435d-87c7-20a6bfa247da","KOTA SEMARANG","3374","38c3be86-e6f8-405f-9217-e34db3b3da78","2025-03-12 12:11:48","2025-03-12 12:11:48",\N
"b6680019-8a5f-4d8d-940e-8124090013b6","KOTA PEKALONGAN","3375","38c3be86-e6f8-405f-9217-e34db3b3da78","2025-03-12 12:11:48","2025-03-12 12:11:48",\N
"8d327422-5c49-455d-9799-47cbd42280cc","KOTA TEGAL","3376","38c3be86-e6f8-405f-9217-e34db3b3da78","2025-03-12 12:11:48","2025-03-12 12:11:48",\N
"2bf76838-bee2-4629-a3fe-d386b41a969e","KAB. KULON PROGO","3401","1a42290a-2072-4cb2-b559-c0dc3528fee4","2025-03-12 12:11:48","2025-03-12 12:11:48",\N
"ddd08249-9456-41ab-bd98-63d79244836c","KAB. BANTUL","3402","1a42290a-2072-4cb2-b559-c0dc3528fee4","2025-03-12 12:11:48","2025-03-12 12:11:48",\N
"9704f525-acde-4774-913e-cbfd9278eaf7","KAB. GUNUNGKIDUL","3403","1a42290a-2072-4cb2-b559-c0dc3528fee4","2025-03-12 12:11:48","2025-03-12 12:11:48",\N
"eaa3083e-b815-4e82-af72-97cce160759e","KAB. SLEMAN","3404","1a42290a-2072-4cb2-b559-c0dc3528fee4","2025-03-12 12:11:48","2025-03-12 12:11:48",\N
"6ebab7fd-96dc-479e-a10a-192314a5c481","KOTA YOGYAKARTA","3471","1a42290a-2072-4cb2-b559-c0dc3528fee4","2025-03-12 12:11:48","2025-03-12 12:11:48",\N
"89b2f85c-f60d-4ac7-83dd-14250c7ba116","KAB. PACITAN","3501","bdaf8cb3-a83d-49c7-ae64-3383c8bce658","2025-03-12 12:11:48","2025-03-12 12:11:48",\N
"b35cef2e-3994-48e5-9d72-e1e863e95a17","KAB. PONOROGO","3502","bdaf8cb3-a83d-49c7-ae64-3383c8bce658","2025-03-12 12:11:48","2025-03-12 12:11:48",\N
"b4c47d1f-8c77-48e7-b0be-4882f0ecf383","KAB. TRENGGALEK","3503","bdaf8cb3-a83d-49c7-ae64-3383c8bce658","2025-03-12 12:11:48","2025-03-12 12:11:48",\N
"85efb688-3318-4164-8d83-b1fb8bbccc52","KAB. TULUNGAGUNG","3504","bdaf8cb3-a83d-49c7-ae64-3383c8bce658","2025-03-12 12:11:48","2025-03-12 12:11:48",\N
"ae5d4cf5-6b2a-457a-95b8-9e5b75517d2c","KAB. BLITAR","3505","bdaf8cb3-a83d-49c7-ae64-3383c8bce658","2025-03-12 12:11:48","2025-03-12 12:11:48",\N
"1cebef94-40c3-4deb-af03-4eb1b1eaacb3","KAB. KEDIRI","3506","bdaf8cb3-a83d-49c7-ae64-3383c8bce658","2025-03-12 12:11:48","2025-03-12 12:11:48",\N
"295a254d-82d0-4f00-99f5-f4315f37fd12","KAB. MALANG","3507","bdaf8cb3-a83d-49c7-ae64-3383c8bce658","2025-03-12 12:11:48","2025-03-12 12:11:48",\N
"c8d1e014-15c2-4fdd-b4af-6bf83ef051f8","KAB. LUMAJANG","3508","bdaf8cb3-a83d-49c7-ae64-3383c8bce658","2025-03-12 12:11:48","2025-03-12 12:11:48",\N
"a4514453-4240-43be-ba22-3c5b0888c9dc","KAB. JEMBER","3509","bdaf8cb3-a83d-49c7-ae64-3383c8bce658","2025-03-12 12:11:48","2025-03-12 12:11:48",\N
"9f3486e2-d897-4583-9aa9-245f92dc19bf","KAB. BANYUWANGI","3510","bdaf8cb3-a83d-49c7-ae64-3383c8bce658","2025-03-12 12:11:48","2025-03-12 12:11:48",\N
"b2927d29-635d-4c30-a9be-33d6ab00c707","KAB. BONDOWOSO","3511","bdaf8cb3-a83d-49c7-ae64-3383c8bce658","2025-03-12 12:11:48","2025-03-12 12:11:48",\N
"1b9e18db-590c-4c28-bff9-f749e42de3ac","KAB. SITUBONDO","3512","bdaf8cb3-a83d-49c7-ae64-3383c8bce658","2025-03-12 12:11:48","2025-03-12 12:11:48",\N
"04429cfd-f741-448b-99d3-db1daea73135","KAB. PROBOLINGGO","3513","bdaf8cb3-a83d-49c7-ae64-3383c8bce658","2025-03-12 12:11:48","2025-03-12 12:11:48",\N
"b38c532e-5ce2-4beb-acb6-c7a9d48c7ba2","KAB. PASURUAN","3514","bdaf8cb3-a83d-49c7-ae64-3383c8bce658","2025-03-12 12:11:48","2025-03-12 12:11:48",\N
"fee66b00-7e02-4d92-96b4-9ec08c1d1435","KAB. SIDOARJO","3515","bdaf8cb3-a83d-49c7-ae64-3383c8bce658","2025-03-12 12:11:48","2025-03-12 12:11:48",\N
"a85f14f1-f7d7-4945-a1d0-723129f6c06b","KAB. MOJOKERTO","3516","bdaf8cb3-a83d-49c7-ae64-3383c8bce658","2025-03-12 12:11:48","2025-03-12 12:11:48",\N
"ac1d6e7b-a1ce-42a9-9745-b60dc0b9c14e","KAB. JOMBANG","3517","bdaf8cb3-a83d-49c7-ae64-3383c8bce658","2025-03-12 12:11:48","2025-03-12 12:11:48",\N
"c6695484-fca5-415d-84a2-7c8878403a02","KAB. NGANJUK","3518","bdaf8cb3-a83d-49c7-ae64-3383c8bce658","2025-03-12 12:11:48","2025-03-12 12:11:48",\N
"0c3bcb15-a861-489e-8cba-f410cb32a431","KAB. MADIUN","3519","bdaf8cb3-a83d-49c7-ae64-3383c8bce658","2025-03-12 12:11:48","2025-03-12 12:11:48",\N
"23b8a54f-bdd8-4289-86e5-1e61b0ce5a8d","KAB. MAGETAN","3520","bdaf8cb3-a83d-49c7-ae64-3383c8bce658","2025-03-12 12:11:48","2025-03-12 12:11:48",\N
"6e537e06-2f29-4058-9e08-0818d23480f1","KAB. NGAWI","3521","bdaf8cb3-a83d-49c7-ae64-3383c8bce658","2025-03-12 12:11:48","2025-03-12 12:11:48",\N
"e1b98d58-ab8b-476b-b8f1-55007a0d3809","KAB. BOJONEGORO","3522","bdaf8cb3-a83d-49c7-ae64-3383c8bce658","2025-03-12 12:11:48","2025-03-12 12:11:48",\N
"c42b8fbe-9eb4-4153-ab4e-8745756de255","KAB. TUBAN","3523","bdaf8cb3-a83d-49c7-ae64-3383c8bce658","2025-03-12 12:11:48","2025-03-12 12:11:48",\N
"d79f2ab5-a860-423e-aa6a-55dc139cd747","KAB. LAMONGAN","3524","bdaf8cb3-a83d-49c7-ae64-3383c8bce658","2025-03-12 12:11:48","2025-03-12 12:11:48",\N
"b622a92c-0aa9-4f0d-8d00-868714aa53a2","KAB. GRESIK","3525","bdaf8cb3-a83d-49c7-ae64-3383c8bce658","2025-03-12 12:11:48","2025-03-12 12:11:48",\N
"ec76869b-e27e-4b93-a117-fb1e4fa528b8","KAB. BANGKALAN","3526","bdaf8cb3-a83d-49c7-ae64-3383c8bce658","2025-03-12 12:11:48","2025-03-12 12:11:48",\N
"724b40ce-2a36-47e0-a016-54ef7ede5045","KAB. SAMPANG","3527","bdaf8cb3-a83d-49c7-ae64-3383c8bce658","2025-03-12 12:11:48","2025-03-12 12:11:48",\N
"5dbd6af3-6a91-41ac-af97-fec94425de26","KAB. PAMEKASAN","3528","bdaf8cb3-a83d-49c7-ae64-3383c8bce658","2025-03-12 12:11:48","2025-03-12 12:11:48",\N
"69295a22-0f07-4bda-aa16-f02b35d022df","KAB. SUMENEP","3529","bdaf8cb3-a83d-49c7-ae64-3383c8bce658","2025-03-12 12:11:48","2025-03-12 12:11:48",\N
"e3be8152-6e88-497a-b583-bf9b56dfccba","KOTA KEDIRI","3571","bdaf8cb3-a83d-49c7-ae64-3383c8bce658","2025-03-12 12:11:48","2025-03-12 12:11:48",\N
"2af1be2b-02b2-40a4-8d84-c0ae690a0c19","KOTA BLITAR","3572","bdaf8cb3-a83d-49c7-ae64-3383c8bce658","2025-03-12 12:11:48","2025-03-12 12:11:48",\N
"259ee001-86fc-440c-af64-4dccab628991","KOTA MALANG","3573","bdaf8cb3-a83d-49c7-ae64-3383c8bce658","2025-03-12 12:11:48","2025-03-12 12:11:48",\N
"2140eacc-a3d7-4fec-90a9-b3e75e4a319d","KOTA PROBOLINGGO","3574","bdaf8cb3-a83d-49c7-ae64-3383c8bce658","2025-03-12 12:11:48","2025-03-12 12:11:48",\N
"59a5ea5e-40d1-4356-9e27-812c587f82f6","KOTA PASURUAN","3575","bdaf8cb3-a83d-49c7-ae64-3383c8bce658","2025-03-12 12:11:48","2025-03-12 12:11:48",\N
"0b127f79-fb44-4eaf-a04e-737457341bf3","KOTA MOJOKERTO","3576","bdaf8cb3-a83d-49c7-ae64-3383c8bce658","2025-03-12 12:11:48","2025-03-12 12:11:48",\N
"8dd3c358-c3be-48aa-8e66-86e43cb7a837","KOTA MADIUN","3577","bdaf8cb3-a83d-49c7-ae64-3383c8bce658","2025-03-12 12:11:48","2025-03-12 12:11:48",\N
"6ab6b115-6b2d-42b3-bb49-ce7a863cc97e","KOTA SURABAYA","3578","bdaf8cb3-a83d-49c7-ae64-3383c8bce658","2025-03-12 12:11:48","2025-03-12 12:11:48",\N
"4c3136d9-496b-4bdc-bb83-582b2efdc1cd","KOTA BATU","3579","bdaf8cb3-a83d-49c7-ae64-3383c8bce658","2025-03-12 12:11:48","2025-03-12 12:11:48",\N
"62e3e1ef-c6d1-4fd1-af97-dcde681979f6","KAB. PANDEGLANG","3601","cdcf5496-bb04-4e7e-b65a-10d3c275f5f5","2025-03-12 12:11:48","2025-03-12 12:11:48",\N
"b24a9bf7-aa2a-4c5b-bfc9-0c402f44c23d","KAB. LEBAK","3602","cdcf5496-bb04-4e7e-b65a-10d3c275f5f5","2025-03-12 12:11:48","2025-03-12 12:11:48",\N
"ca2d9094-ec33-42f0-93fe-9657df1c6dd0","KAB. TANGERANG","3603","cdcf5496-bb04-4e7e-b65a-10d3c275f5f5","2025-03-12 12:11:48","2025-03-12 12:11:48",\N
"eea6b111-e26e-43fa-8cef-8b48041706f0","KAB. SERANG","3604","cdcf5496-bb04-4e7e-b65a-10d3c275f5f5","2025-03-12 12:11:48","2025-03-12 12:11:48",\N
"6e28a2c6-c6bb-4c3d-b9fe-9fb0e501d8dc","KOTA TANGERANG","3671","cdcf5496-bb04-4e7e-b65a-10d3c275f5f5","2025-03-12 12:11:48","2025-03-12 12:11:48",\N
"aa40ef25-6141-44b3-949e-67c95a3a3fae","KOTA CILEGON","3672","cdcf5496-bb04-4e7e-b65a-10d3c275f5f5","2025-03-12 12:11:48","2025-03-12 12:11:48",\N
"8e739537-39bc-4d5e-ad0d-f4edfda9dc5d","KOTA SERANG","3673","cdcf5496-bb04-4e7e-b65a-10d3c275f5f5","2025-03-12 12:11:48","2025-03-12 12:11:48",\N
"8b301047-9714-481a-8c66-9a456399e5e7","KOTA TANGERANG SELATAN","3674","cdcf5496-bb04-4e7e-b65a-10d3c275f5f5","2025-03-12 12:11:48","2025-03-12 12:11:48",\N
"ed57e2ec-da78-4308-bb46-01974fdd7692","KAB. JEMBRANA","5101","e11a4bd9-edb9-4ba1-8676-10252a79e1ca","2025-03-12 12:11:48","2025-03-12 12:11:48",\N
"b9864f9d-5fa2-4616-9866-0d94c1a0fe9a","KAB. TABANAN","5102","e11a4bd9-edb9-4ba1-8676-10252a79e1ca","2025-03-12 12:11:48","2025-03-12 12:11:48",\N
"b1fb33d3-f91d-4765-8ee5-a77c3525fa11","KAB. BADUNG","5103","e11a4bd9-edb9-4ba1-8676-10252a79e1ca","2025-03-12 12:11:48","2025-03-12 12:11:48",\N
"3b0b43d3-c60e-42f1-b427-2ba5b805fba2","KAB. GIANYAR","5104","e11a4bd9-edb9-4ba1-8676-10252a79e1ca","2025-03-12 12:11:48","2025-03-12 12:11:48",\N
"c86777bd-8d48-4593-ba4f-5d4ee097a0ab","KAB. KLUNGKUNG","5105","e11a4bd9-edb9-4ba1-8676-10252a79e1ca","2025-03-12 12:11:48","2025-03-12 12:11:48",\N
"8989f678-39c2-43ca-b711-a40cdcf118df","KAB. BANGLI","5106","e11a4bd9-edb9-4ba1-8676-10252a79e1ca","2025-03-12 12:11:48","2025-03-12 12:11:48",\N
"1f69f544-0a92-4f2c-a606-b123c664bda4","KAB. KARANGASEM","5107","e11a4bd9-edb9-4ba1-8676-10252a79e1ca","2025-03-12 12:11:48","2025-03-12 12:11:48",\N
"5e3750ec-60eb-41ff-9372-44c10d237425","KAB. BULELENG","5108","e11a4bd9-edb9-4ba1-8676-10252a79e1ca","2025-03-12 12:11:48","2025-03-12 12:11:48",\N
"8d2d1c41-ca18-4f6a-9b17-e6089e805e29","KOTA DENPASAR","5171","e11a4bd9-edb9-4ba1-8676-10252a79e1ca","2025-03-12 12:11:48","2025-03-12 12:11:48",\N
"63bb8044-29fe-49e0-afc5-67cff58a06fa","KAB. LOMBOK BARAT","5201","72ea9bcd-44d1-4e3a-a9da-dba7591f2ba8","2025-03-12 12:11:48","2025-03-12 12:11:48",\N
"2e625644-4073-4a38-9303-997880ff6a20","KAB. LOMBOK TENGAH","5202","72ea9bcd-44d1-4e3a-a9da-dba7591f2ba8","2025-03-12 12:11:48","2025-03-12 12:11:48",\N
"3ad2f17a-79cb-4e8d-a388-25cbb1a43678","KAB. LOMBOK TIMUR","5203","72ea9bcd-44d1-4e3a-a9da-dba7591f2ba8","2025-03-12 12:11:48","2025-03-12 12:11:48",\N
"6ad86822-9e98-4b8e-86a1-c9b86764a3e9","KAB. SUMBAWA","5204","72ea9bcd-44d1-4e3a-a9da-dba7591f2ba8","2025-03-12 12:11:48","2025-03-12 12:11:48",\N
"bc70bd38-a327-4711-a7a8-40802db4ca0e","KAB. DOMPU","5205","72ea9bcd-44d1-4e3a-a9da-dba7591f2ba8","2025-03-12 12:11:48","2025-03-12 12:11:48",\N
"13dfb21d-1a8a-406e-96f9-90cb1877c811","KAB. BIMA","5206","72ea9bcd-44d1-4e3a-a9da-dba7591f2ba8","2025-03-12 12:11:48","2025-03-12 12:11:48",\N
"fbcbe226-737d-45cb-aefb-30e83ea73872","KAB. SUMBAWA BARAT","5207","72ea9bcd-44d1-4e3a-a9da-dba7591f2ba8","2025-03-12 12:11:48","2025-03-12 12:11:48",\N
"02cdd032-4afc-4485-b701-4c53acce11d3","KAB. LOMBOK UTARA","5208","72ea9bcd-44d1-4e3a-a9da-dba7591f2ba8","2025-03-12 12:11:48","2025-03-12 12:11:48",\N
"63de9b43-7e06-4922-bd62-615dc4fa7c01","KOTA MATARAM","5271","72ea9bcd-44d1-4e3a-a9da-dba7591f2ba8","2025-03-12 12:11:48","2025-03-12 12:11:48",\N
"21cb9742-af43-474f-8428-4c69555ead7c","KOTA BIMA","5272","72ea9bcd-44d1-4e3a-a9da-dba7591f2ba8","2025-03-12 12:11:48","2025-03-12 12:11:48",\N
"15414d7d-a754-4d66-a0aa-5f77fdadb978","KAB. KUPANG","5301","c6991659-b7a0-4855-b6ce-58a85d6bebe6","2025-03-12 12:11:48","2025-03-12 12:11:48",\N
"793d0008-acac-4093-afea-c6c57fa40755","KAB TIMOR TENGAH SELATAN","5302","c6991659-b7a0-4855-b6ce-58a85d6bebe6","2025-03-12 12:11:48","2025-03-12 12:11:48",\N
"677a5f86-36f1-46ee-bb4a-426a1305887c","KAB. TIMOR TENGAH UTARA","5303","c6991659-b7a0-4855-b6ce-58a85d6bebe6","2025-03-12 12:11:48","2025-03-12 12:11:48",\N
"78f2202e-5fcc-4d3e-8611-ab6dd3ebe8e1","KAB. BELU","5304","c6991659-b7a0-4855-b6ce-58a85d6bebe6","2025-03-12 12:11:48","2025-03-12 12:11:48",\N
"b8ac0574-c524-4af6-bdbe-593ba4b537b5","KAB. ALOR","5305","c6991659-b7a0-4855-b6ce-58a85d6bebe6","2025-03-12 12:11:48","2025-03-12 12:11:48",\N
"6a8991d3-57fd-4ff6-8e6c-1ac009e2d3b5","KAB. FLORES TIMUR","5306","c6991659-b7a0-4855-b6ce-58a85d6bebe6","2025-03-12 12:11:48","2025-03-12 12:11:48",\N
"970ff895-1f56-4a0f-88e1-8aac8624a430","KAB. SIKKA","5307","c6991659-b7a0-4855-b6ce-58a85d6bebe6","2025-03-12 12:11:48","2025-03-12 12:11:48",\N
"7d525ecf-5609-44eb-8224-d4bfb8fe16ea","KAB. ENDE","5308","c6991659-b7a0-4855-b6ce-58a85d6bebe6","2025-03-12 12:11:48","2025-03-12 12:11:48",\N
"68e3cf5f-f243-4ecb-b3fd-50950e09b41b","KAB. NGADA","5309","c6991659-b7a0-4855-b6ce-58a85d6bebe6","2025-03-12 12:11:48","2025-03-12 12:11:48",\N
"5a4c4a4d-be1a-4170-b20f-e39951deb86a","KAB. MANGGARAI","5310","c6991659-b7a0-4855-b6ce-58a85d6bebe6","2025-03-12 12:11:48","2025-03-12 12:11:48",\N
"56dc2325-c498-4c34-bb3e-e01121ee0550","KAB. SUMBA TIMUR","5311","c6991659-b7a0-4855-b6ce-58a85d6bebe6","2025-03-12 12:11:48","2025-03-12 12:11:48",\N
"f72aed91-5bdc-4e07-93a4-c20c1e186613","KAB. SUMBA BARAT","5312","c6991659-b7a0-4855-b6ce-58a85d6bebe6","2025-03-12 12:11:48","2025-03-12 12:11:48",\N
"0e39795d-586a-48f2-9c14-d4e85ccf34ae","KAB. LEMBATA","5313","c6991659-b7a0-4855-b6ce-58a85d6bebe6","2025-03-12 12:11:48","2025-03-12 12:11:48",\N
"b92f7f92-a307-4165-a03b-81ccfeea916c","KAB. ROTE NDAO","5314","c6991659-b7a0-4855-b6ce-58a85d6bebe6","2025-03-12 12:11:48","2025-03-12 12:11:48",\N
"faa48617-8388-4c04-8e6e-1a2afd1decae","KAB. MANGGARAI BARAT","5315","c6991659-b7a0-4855-b6ce-58a85d6bebe6","2025-03-12 12:11:48","2025-03-12 12:11:48",\N
"5e879b12-7623-4ad3-9a9f-470b0e9fe33a","KAB. NAGEKEO","5316","c6991659-b7a0-4855-b6ce-58a85d6bebe6","2025-03-12 12:11:48","2025-03-12 12:11:48",\N
"fcf73707-991a-47a3-a93b-1dbaf92e1509","KAB. SUMBA TENGAH","5317","c6991659-b7a0-4855-b6ce-58a85d6bebe6","2025-03-12 12:11:48","2025-03-12 12:11:48",\N
"3040759b-7e62-4be1-8e85-f8004640b838","KAB. SUMBA BARAT DAYA","5318","c6991659-b7a0-4855-b6ce-58a85d6bebe6","2025-03-12 12:11:48","2025-03-12 12:11:48",\N
"fcf416d9-6dc6-4494-9def-3196fbad7cea","KAB. MANGGARAI TIMUR","5319","c6991659-b7a0-4855-b6ce-58a85d6bebe6","2025-03-12 12:11:48","2025-03-12 12:11:48",\N
"5ac3e90f-ab79-45aa-8107-f7ac8105a7b2","KAB. SABU RAIJUA","5320","c6991659-b7a0-4855-b6ce-58a85d6bebe6","2025-03-12 12:11:48","2025-03-12 12:11:48",\N
"2b55fab3-1eaa-4a86-8505-deedd684d7e5","KAB. MALAKA","5321","c6991659-b7a0-4855-b6ce-58a85d6bebe6","2025-03-12 12:11:48","2025-03-12 12:11:48",\N
"4c22aa96-4c8a-4788-8b07-984e588acdf0","KOTA KUPANG","5371","c6991659-b7a0-4855-b6ce-58a85d6bebe6","2025-03-12 12:11:48","2025-03-12 12:11:48",\N
"3e32217c-7c75-4afd-b706-bec6dd9ec3a7","KAB. SAMBAS","6101","28abe7dd-4348-4cbd-a89c-ad199d48e2db","2025-03-12 12:11:48","2025-03-12 12:11:48",\N
"982118da-972a-43e7-99db-80f99b817fc0","KAB. MEMPAWAH","6102","28abe7dd-4348-4cbd-a89c-ad199d48e2db","2025-03-12 12:11:48","2025-03-12 12:11:48",\N
"57a135d5-0c37-496f-a075-ac0ed324c3e9","KAB. SANGGAU","6103","28abe7dd-4348-4cbd-a89c-ad199d48e2db","2025-03-12 12:11:48","2025-03-12 12:11:48",\N
"7762ad12-00dd-4376-8f87-15780e60e4d3","KAB. KETAPANG","6104","28abe7dd-4348-4cbd-a89c-ad199d48e2db","2025-03-12 12:11:48","2025-03-12 12:11:48",\N
"65d8db85-13fd-49ac-8db3-16a645280e36","KAB. SINTANG","6105","28abe7dd-4348-4cbd-a89c-ad199d48e2db","2025-03-12 12:11:48","2025-03-12 12:11:48",\N
"81df0fb4-a281-4a4e-b232-1150e1bb9586","KAB. KAPUAS HULU","6106","28abe7dd-4348-4cbd-a89c-ad199d48e2db","2025-03-12 12:11:48","2025-03-12 12:11:48",\N
"079c07b3-9c68-40f6-8458-3abacde78f50","KAB. BENGKAYANG","6107","28abe7dd-4348-4cbd-a89c-ad199d48e2db","2025-03-12 12:11:48","2025-03-12 12:11:48",\N
"a1ca629e-ea75-4371-abb0-2c706dfbcd4b","KAB. LANDAK","6108","28abe7dd-4348-4cbd-a89c-ad199d48e2db","2025-03-12 12:11:48","2025-03-12 12:11:48",\N
"659c73d0-72d4-420a-9d23-51e1106d9976","KAB. SEKADAU","6109","28abe7dd-4348-4cbd-a89c-ad199d48e2db","2025-03-12 12:11:48","2025-03-12 12:11:48",\N
"02632035-a37d-4534-9ba8-86a070d57210","KAB. MELAWI","6110","28abe7dd-4348-4cbd-a89c-ad199d48e2db","2025-03-12 12:11:48","2025-03-12 12:11:48",\N
"56cdecba-4669-456e-9bcd-4c09a16e2624","KAB. KAYONG UTARA","6111","28abe7dd-4348-4cbd-a89c-ad199d48e2db","2025-03-12 12:11:48","2025-03-12 12:11:48",\N
"f6e1477d-50fa-4f81-921d-d6ee9234eac8","KAB. KUBU RAYA","6112","28abe7dd-4348-4cbd-a89c-ad199d48e2db","2025-03-12 12:11:48","2025-03-12 12:11:48",\N
"fa1c91e6-0c60-4c00-80af-e337d8ce51f6","KOTA PONTIANAK","6171","28abe7dd-4348-4cbd-a89c-ad199d48e2db","2025-03-12 12:11:48","2025-03-12 12:11:48",\N
"97201d1d-0166-49a6-8b0b-7e4b4407a7e0","KOTA SINGKAWANG","6172","28abe7dd-4348-4cbd-a89c-ad199d48e2db","2025-03-12 12:11:48","2025-03-12 12:11:48",\N
"8a198d61-3156-4f48-bacb-89d4522d3418","KAB. KOTAWARINGIN BARAT","6201","a33b328f-f2d5-4d98-b23f-3c80d6763af1","2025-03-12 12:11:48","2025-03-12 12:11:48",\N
"af4d8f94-5126-48ad-b6eb-9762a52229c4","KAB. KOTAWARINGIN TIMUR","6202","a33b328f-f2d5-4d98-b23f-3c80d6763af1","2025-03-12 12:11:48","2025-03-12 12:11:48",\N
"2e561bcb-392e-48ed-88ac-dc7e4826a4a5","KAB. KAPUAS","6203","a33b328f-f2d5-4d98-b23f-3c80d6763af1","2025-03-12 12:11:48","2025-03-12 12:11:48",\N
"bd918108-f46d-43c7-8c7b-f1f857a5b363","KAB. BARITO SELATAN","6204","a33b328f-f2d5-4d98-b23f-3c80d6763af1","2025-03-12 12:11:48","2025-03-12 12:11:48",\N
"d54acddd-eaff-46e8-a2b1-a5b35b52d394","KAB. BARITO UTARA","6205","a33b328f-f2d5-4d98-b23f-3c80d6763af1","2025-03-12 12:11:48","2025-03-12 12:11:48",\N
"f82656dd-e51e-4a08-8d2d-d3f8b2d91e7b","KAB. KATINGAN","6206","a33b328f-f2d5-4d98-b23f-3c80d6763af1","2025-03-12 12:11:48","2025-03-12 12:11:48",\N
"8dd88750-135c-4ca1-8ee5-43ca0a890e49","KAB. SERUYAN","6207","a33b328f-f2d5-4d98-b23f-3c80d6763af1","2025-03-12 12:11:48","2025-03-12 12:11:48",\N
"b3ce7af9-768b-496d-867b-20415e0bd0bd","KAB. SUKAMARA","6208","a33b328f-f2d5-4d98-b23f-3c80d6763af1","2025-03-12 12:11:48","2025-03-12 12:11:48",\N
"7ce17115-7fa8-4144-8dd0-56ed24d79239","KAB. LAMANDAU","6209","a33b328f-f2d5-4d98-b23f-3c80d6763af1","2025-03-12 12:11:48","2025-03-12 12:11:48",\N
"dc176106-8e44-400a-916f-b4950c91c096","KAB. GUNUNG MAS","6210","a33b328f-f2d5-4d98-b23f-3c80d6763af1","2025-03-12 12:11:48","2025-03-12 12:11:48",\N
"671eb9e7-5756-494e-b757-2a63f80ffd3a","KAB. PULANG PISAU","6211","a33b328f-f2d5-4d98-b23f-3c80d6763af1","2025-03-12 12:11:48","2025-03-12 12:11:48",\N
"85ef02e7-562f-400d-83d6-7ec630d379a3","KAB. MURUNG RAYA","6212","a33b328f-f2d5-4d98-b23f-3c80d6763af1","2025-03-12 12:11:48","2025-03-12 12:11:48",\N
"fb22c9cc-fd15-49b1-8d93-7063ebce8936","KAB. BARITO TIMUR","6213","a33b328f-f2d5-4d98-b23f-3c80d6763af1","2025-03-12 12:11:48","2025-03-12 12:11:48",\N
"dcc1e5df-d8f4-4e1e-bb63-8ecc2be7621d","KOTA PALANGKARAYA","6271","a33b328f-f2d5-4d98-b23f-3c80d6763af1","2025-03-12 12:11:48","2025-03-12 12:11:48",\N
"c9b917bd-2475-48f2-9345-cc659f63642a","KAB. TANAH LAUT","6301","2efdd8c0-2a43-4b8e-935b-a3a9098af53e","2025-03-12 12:11:48","2025-03-12 12:11:48",\N
"6a232995-d7c2-45d1-a643-9d5824248982","KAB. KOTABARU","6302","2efdd8c0-2a43-4b8e-935b-a3a9098af53e","2025-03-12 12:11:48","2025-03-12 12:11:48",\N
"8d150fdc-0859-4988-aa8a-2e0e2e4ad003","KAB. BANJAR","6303","2efdd8c0-2a43-4b8e-935b-a3a9098af53e","2025-03-12 12:11:48","2025-03-12 12:11:48",\N
"0a1233f7-d8b5-49bc-81f0-29d6dda1e83b","KAB. BARITO KUALA","6304","2efdd8c0-2a43-4b8e-935b-a3a9098af53e","2025-03-12 12:11:48","2025-03-12 12:11:48",\N
"992675f0-4f29-40ef-a041-5085306c8b26","KAB. TAPIN","6305","2efdd8c0-2a43-4b8e-935b-a3a9098af53e","2025-03-12 12:11:48","2025-03-12 12:11:48",\N
"f76b3ff4-eca2-4d2a-9ca4-7eb60487c2a2","KAB. HULU SUNGAI SELATAN","6306","2efdd8c0-2a43-4b8e-935b-a3a9098af53e","2025-03-12 12:11:48","2025-03-12 12:11:48",\N
"192215c3-09b8-493b-ad15-3ec958fff241","KAB. HULU SUNGAI TENGAH","6307","2efdd8c0-2a43-4b8e-935b-a3a9098af53e","2025-03-12 12:11:48","2025-03-12 12:11:48",\N
"75a93a1a-2869-45f8-ab52-6f73aa71173c","KAB. HULU SUNGAI UTARA","6308","2efdd8c0-2a43-4b8e-935b-a3a9098af53e","2025-03-12 12:11:48","2025-03-12 12:11:48",\N
"de450e71-2d32-4c88-b238-0a9f063c5c55","KAB. TABALONG","6309","2efdd8c0-2a43-4b8e-935b-a3a9098af53e","2025-03-12 12:11:48","2025-03-12 12:11:48",\N
"73914c4b-ef64-4cee-8047-49adabf7322e","KAB. TANAH BUMBU","6310","2efdd8c0-2a43-4b8e-935b-a3a9098af53e","2025-03-12 12:11:48","2025-03-12 12:11:48",\N
"b91f10e7-b7bb-4ab7-804c-cbea9a1980b6","KAB. BALANGAN","6311","2efdd8c0-2a43-4b8e-935b-a3a9098af53e","2025-03-12 12:11:48","2025-03-12 12:11:48",\N
"3abfefa0-66b5-4dde-a0ef-13cb04cce28b","KOTA BANJARMASIN","6371","2efdd8c0-2a43-4b8e-935b-a3a9098af53e","2025-03-12 12:11:48","2025-03-12 12:11:48",\N
"51dc0393-5b44-4c82-baef-79776a65753f","KOTA BANJARBARU","6372","2efdd8c0-2a43-4b8e-935b-a3a9098af53e","2025-03-12 12:11:48","2025-03-12 12:11:48",\N
"dbde87d2-cb9c-402b-868d-f5e116f5ccb3","KAB. PASER","6401","dd20b899-2d00-45b9-bbbd-0d8ea78d7b16","2025-03-12 12:11:48","2025-03-12 12:11:48",\N
"af20efc6-d8ef-4628-bc79-f09e94b7591c","KAB. KUTAI KARTANEGARA","6402","dd20b899-2d00-45b9-bbbd-0d8ea78d7b16","2025-03-12 12:11:48","2025-03-12 12:11:48",\N
"cd8c1a3a-9aba-40d0-871f-8ca2c4a18a51","KAB. BERAU","6403","dd20b899-2d00-45b9-bbbd-0d8ea78d7b16","2025-03-12 12:11:48","2025-03-12 12:11:48",\N
"46da6828-d1df-46e1-9281-b5491d2a2dc7","KAB. KUTAI BARAT","6407","dd20b899-2d00-45b9-bbbd-0d8ea78d7b16","2025-03-12 12:11:48","2025-03-12 12:11:48",\N
"53e6eb13-0857-4b26-a41d-a1f24aee4c0c","KAB. KUTAI TIMUR","6408","dd20b899-2d00-45b9-bbbd-0d8ea78d7b16","2025-03-12 12:11:48","2025-03-12 12:11:48",\N
"32bee4ef-8097-495c-bd91-29312452b2db","KAB. PENAJAM PASER UTARA","6409","dd20b899-2d00-45b9-bbbd-0d8ea78d7b16","2025-03-12 12:11:48","2025-03-12 12:11:48",\N
"8c0d329e-a5e2-4059-a81b-a2287abdccfa","KAB. MAHAKAM ULU","6411","dd20b899-2d00-45b9-bbbd-0d8ea78d7b16","2025-03-12 12:11:48","2025-03-12 12:11:48",\N
"3f5003d4-5c75-46af-9078-bfd465a54a42","KOTA BALIKPAPAN","6471","dd20b899-2d00-45b9-bbbd-0d8ea78d7b16","2025-03-12 12:11:48","2025-03-12 12:11:48",\N
"e74f4968-0444-474b-ac75-e6d39f0bb530","KOTA SAMARINDA","6472","dd20b899-2d00-45b9-bbbd-0d8ea78d7b16","2025-03-12 12:11:48","2025-03-12 12:11:48",\N
"3f0a6b7a-e01c-4b92-bd26-69a1b20a517e","KOTA BONTANG","6474","dd20b899-2d00-45b9-bbbd-0d8ea78d7b16","2025-03-12 12:11:48","2025-03-12 12:11:48",\N
"1c436a29-e218-46ab-ae4d-fbcf5642b5e5","KAB. BULUNGAN","6501","35deeee9-d1a9-41b0-bf5a-8c584ee1a7e0","2025-03-12 12:11:48","2025-03-12 12:11:48",\N
"75b0d7a7-3a95-4491-a665-71a4dede4f31","KAB. MALINAU","6502","35deeee9-d1a9-41b0-bf5a-8c584ee1a7e0","2025-03-12 12:11:48","2025-03-12 12:11:48",\N
"47196dba-28d8-43fe-a747-e0f387dacbd5","KAB. NUNUKAN","6503","35deeee9-d1a9-41b0-bf5a-8c584ee1a7e0","2025-03-12 12:11:48","2025-03-12 12:11:48",\N
"66bff710-da71-4532-a005-4faf92536cbb","KAB. TANA TIDUNG","6504","35deeee9-d1a9-41b0-bf5a-8c584ee1a7e0","2025-03-12 12:11:48","2025-03-12 12:11:48",\N
"b9ae7c84-b028-4a14-bf8f-9fd32d07b626","KOTA TARAKAN","6571","35deeee9-d1a9-41b0-bf5a-8c584ee1a7e0","2025-03-12 12:11:48","2025-03-12 12:11:48",\N
"569b7e6e-206d-4c5e-80c0-51809b90f8e5","KAB. BOLAANG MONGONDOW","7101","6dcb829e-0375-4ef3-be1e-457c0a8b79fb","2025-03-12 12:11:48","2025-03-12 12:11:48",\N
"3e7bdfa6-857e-40cd-b06f-74bee5a969b7","KAB. MINAHASA","7102","6dcb829e-0375-4ef3-be1e-457c0a8b79fb","2025-03-12 12:11:48","2025-03-12 12:11:48",\N
"25425aa0-ad0e-4571-83ee-8aa2c5b1a2fd","KAB. KEPULAUAN SANGIHE","7103","6dcb829e-0375-4ef3-be1e-457c0a8b79fb","2025-03-12 12:11:48","2025-03-12 12:11:48",\N
"0279b617-bec3-4b5a-8782-e9f1eaa162c6","KAB. KEPULAUAN TALAUD","7104","6dcb829e-0375-4ef3-be1e-457c0a8b79fb","2025-03-12 12:11:48","2025-03-12 12:11:48",\N
"b2a5fb3c-cbf3-4469-8b37-4edfd7688045","KAB. MINAHASA SELATAN","7105","6dcb829e-0375-4ef3-be1e-457c0a8b79fb","2025-03-12 12:11:48","2025-03-12 12:11:48",\N
"5062ae84-069e-44b9-bda2-b667a59281ec","KAB. MINAHASA UTARA","7106","6dcb829e-0375-4ef3-be1e-457c0a8b79fb","2025-03-12 12:11:48","2025-03-12 12:11:48",\N
"1a5a82d2-95f6-469c-af5e-3eeb36c62710","KAB. MINAHASA TENGGARA","7107","6dcb829e-0375-4ef3-be1e-457c0a8b79fb","2025-03-12 12:11:48","2025-03-12 12:11:48",\N
"2f4455ab-51dc-4ae5-9e4b-27e1cea59ba7","KAB. BOLAANG MONGONDOW UTARA","7108","6dcb829e-0375-4ef3-be1e-457c0a8b79fb","2025-03-12 12:11:48","2025-03-12 12:11:48",\N
"aeca89bb-b3f8-45cd-af82-fe638844de39","KAB. KEP. SIAU TAGULANDANG BIARO","7109","6dcb829e-0375-4ef3-be1e-457c0a8b79fb","2025-03-12 12:11:48","2025-03-12 12:11:48",\N
"4a9afef6-d0f9-44e7-a482-01ca7eb9eb98","KAB. BOLAANG MONGONDOW TIMUR","7110","6dcb829e-0375-4ef3-be1e-457c0a8b79fb","2025-03-12 12:11:48","2025-03-12 12:11:48",\N
"f4707a6b-02b2-4092-a072-3d866cd4d67e","KAB. BOLAANG MONGONDOW SELATAN","7111","6dcb829e-0375-4ef3-be1e-457c0a8b79fb","2025-03-12 12:11:48","2025-03-12 12:11:48",\N
"5e9838ea-1b9e-4b3d-a5f3-5a49e7966bb1","KOTA MANADO","7171","6dcb829e-0375-4ef3-be1e-457c0a8b79fb","2025-03-12 12:11:48","2025-03-12 12:11:48",\N
"5abef59a-d459-4120-a03c-7400d015eaab","KOTA BITUNG","7172","6dcb829e-0375-4ef3-be1e-457c0a8b79fb","2025-03-12 12:11:48","2025-03-12 12:11:48",\N
"7e88f98f-7d02-44a5-be92-7d5fa0e4730c","KOTA TOMOHON","7173","6dcb829e-0375-4ef3-be1e-457c0a8b79fb","2025-03-12 12:11:48","2025-03-12 12:11:48",\N
"a62ff115-7faf-4693-8519-a23a7a3c858e","KOTA KOTAMOBAGU","7174","6dcb829e-0375-4ef3-be1e-457c0a8b79fb","2025-03-12 12:11:48","2025-03-12 12:11:48",\N
"b61dbaa5-4db8-47af-9ae7-8fc117866d34","KAB. BANGGAI","7201","500bb3fe-1fc9-4737-a080-ef8c5e147e3c","2025-03-12 12:11:48","2025-03-12 12:11:48",\N
"e3259e84-f683-41ec-9615-00586a9b055a","KAB. POSO","7202","500bb3fe-1fc9-4737-a080-ef8c5e147e3c","2025-03-12 12:11:48","2025-03-12 12:11:48",\N
"a0013f2e-2ed9-4313-a445-55df4db173a5","KAB. DONGGALA","7203","500bb3fe-1fc9-4737-a080-ef8c5e147e3c","2025-03-12 12:11:48","2025-03-12 12:11:48",\N
"e6ad6ebd-a171-4812-bfaa-c5ccc791c0b7","KAB. TOLI TOLI","7204","500bb3fe-1fc9-4737-a080-ef8c5e147e3c","2025-03-12 12:11:48","2025-03-12 12:11:48",\N
"fef86a0a-f23c-4a56-901b-dad747e97e6b","KAB. BUOL","7205","500bb3fe-1fc9-4737-a080-ef8c5e147e3c","2025-03-12 12:11:48","2025-03-12 12:11:48",\N
"59ca99a1-9a42-4574-b6bf-3ec84cbc0d60","KAB. MOROWALI","7206","500bb3fe-1fc9-4737-a080-ef8c5e147e3c","2025-03-12 12:11:48","2025-03-12 12:11:48",\N
"1cc81f50-bd3d-4fb8-9ed0-405be20969d2","KAB. BANGGAI KEPULAUAN","7207","500bb3fe-1fc9-4737-a080-ef8c5e147e3c","2025-03-12 12:11:48","2025-03-12 12:11:48",\N
"3f1d3413-313a-4634-b556-0d2e55df6689","KAB. PARIGI MOUTONG","7208","500bb3fe-1fc9-4737-a080-ef8c5e147e3c","2025-03-12 12:11:48","2025-03-12 12:11:48",\N
"9e76eb33-a48f-457f-943f-507e997b90e3","KAB. TOJO UNA UNA","7209","500bb3fe-1fc9-4737-a080-ef8c5e147e3c","2025-03-12 12:11:48","2025-03-12 12:11:48",\N
"839c013d-1c23-4960-b211-a665527c8d70","KAB. SIGI","7210","500bb3fe-1fc9-4737-a080-ef8c5e147e3c","2025-03-12 12:11:48","2025-03-12 12:11:48",\N
"57c69384-faa0-4096-8baa-6ba0155aca21","KAB. BANGGAI LAUT","7211","500bb3fe-1fc9-4737-a080-ef8c5e147e3c","2025-03-12 12:11:48","2025-03-12 12:11:48",\N
"d829100b-872d-48c0-9daf-ee527d319cc4","KAB. MOROWALI UTARA","7212","500bb3fe-1fc9-4737-a080-ef8c5e147e3c","2025-03-12 12:11:48","2025-03-12 12:11:48",\N
"cec03f89-16ac-4b6d-a502-5596a19c4bb2","KOTA PALU","7271","500bb3fe-1fc9-4737-a080-ef8c5e147e3c","2025-03-12 12:11:48","2025-03-12 12:11:48",\N
"d5313825-bdd6-4eb7-b55f-6f49389b438e","KAB. KEPULAUAN SELAYAR","7301","379af42c-8d5a-49bd-8619-59dab2af0b54","2025-03-12 12:11:48","2025-03-12 12:11:48",\N
"f401046c-660e-4aba-ba2a-d68b8a67ea4f","KAB. BULUKUMBA","7302","379af42c-8d5a-49bd-8619-59dab2af0b54","2025-03-12 12:11:48","2025-03-12 12:11:48",\N
"9ad1cbc2-1692-4be8-b005-a9c3b6df44f2","KAB. BANTAENG","7303","379af42c-8d5a-49bd-8619-59dab2af0b54","2025-03-12 12:11:48","2025-03-12 12:11:48",\N
"49cb8e80-b422-4270-9613-5896599e4835","KAB. JENEPONTO","7304","379af42c-8d5a-49bd-8619-59dab2af0b54","2025-03-12 12:11:48","2025-03-12 12:11:48",\N
"5fc22253-4a51-453e-bc03-d880831e9d85","KAB. TAKALAR","7305","379af42c-8d5a-49bd-8619-59dab2af0b54","2025-03-12 12:11:48","2025-03-12 12:11:48",\N
"fa1f72d1-eb2c-4bf6-b415-d06fd6cce557","KAB. GOWA","7306","379af42c-8d5a-49bd-8619-59dab2af0b54","2025-03-12 12:11:48","2025-03-12 12:11:48",\N
"8f46302a-cfc7-4f20-8df7-fe78e79b6e08","KAB. SINJAI","7307","379af42c-8d5a-49bd-8619-59dab2af0b54","2025-03-12 12:11:48","2025-03-12 12:11:48",\N
"2604c9a3-900b-4c37-bfa8-7adc751ae11a","KAB. BONE","7308","379af42c-8d5a-49bd-8619-59dab2af0b54","2025-03-12 12:11:48","2025-03-12 12:11:48",\N
"79819ee7-a567-439f-b0cd-10695ccc0aae","KAB. MAROS","7309","379af42c-8d5a-49bd-8619-59dab2af0b54","2025-03-12 12:11:48","2025-03-12 12:11:48",\N
"017cc487-8ef9-448a-85d1-ef23bc61eb49","KAB. PANGKAJENE KEPULAUAN","7310","379af42c-8d5a-49bd-8619-59dab2af0b54","2025-03-12 12:11:48","2025-03-12 12:11:48",\N
"2c66bc01-bf6d-4a52-ac2e-deb74d15f724","KAB. BARRU","7311","379af42c-8d5a-49bd-8619-59dab2af0b54","2025-03-12 12:11:48","2025-03-12 12:11:48",\N
"5518f864-0304-4c11-9c2c-2627fa23674e","KAB. SOPPENG","7312","379af42c-8d5a-49bd-8619-59dab2af0b54","2025-03-12 12:11:48","2025-03-12 12:11:48",\N
"fb01a4d0-535b-4d4d-9121-c6ca3c8c6af3","KAB. WAJO","7313","379af42c-8d5a-49bd-8619-59dab2af0b54","2025-03-12 12:11:48","2025-03-12 12:11:48",\N
"80242d4f-8d52-43fa-be52-240f02f35196","KAB. SIDENRENG RAPPANG","7314","379af42c-8d5a-49bd-8619-59dab2af0b54","2025-03-12 12:11:48","2025-03-12 12:11:48",\N
"978fe0cc-e1c2-4e21-9729-1807a6bb2dc0","KAB. PINRANG","7315","379af42c-8d5a-49bd-8619-59dab2af0b54","2025-03-12 12:11:48","2025-03-12 12:11:48",\N
"ce174bc4-0df8-4be3-8084-57e01f33baf4","KAB. ENREKANG","7316","379af42c-8d5a-49bd-8619-59dab2af0b54","2025-03-12 12:11:48","2025-03-12 12:11:48",\N
"28952a4c-70f2-4d37-9948-f7be34269c6b","KAB. LUWU","7317","379af42c-8d5a-49bd-8619-59dab2af0b54","2025-03-12 12:11:48","2025-03-12 12:11:48",\N
"a3e6a5e6-c6f6-46d1-92a1-cb12669c2179","KAB. TANA TORAJA","7318","379af42c-8d5a-49bd-8619-59dab2af0b54","2025-03-12 12:11:48","2025-03-12 12:11:48",\N
"426a054d-9e8a-4e45-b1bf-529a028aceb9","KAB. LUWU UTARA","7322","379af42c-8d5a-49bd-8619-59dab2af0b54","2025-03-12 12:11:48","2025-03-12 12:11:48",\N
"9326aef2-de49-4a50-bd45-f88fd9026bc9","KAB. LUWU TIMUR","7324","379af42c-8d5a-49bd-8619-59dab2af0b54","2025-03-12 12:11:48","2025-03-12 12:11:48",\N
"1b2fa2bf-89d8-4b69-8671-2bdb2d5e07a8","KOTA MAKASSAR","7371","379af42c-8d5a-49bd-8619-59dab2af0b54","2025-03-12 12:11:48","2025-03-12 12:11:48",\N
"146c5a3c-8f6e-4b03-aeeb-8475d835d07d","KOTA PARE PARE","7372","379af42c-8d5a-49bd-8619-59dab2af0b54","2025-03-12 12:11:48","2025-03-12 12:11:48",\N
"3eef236c-c0cf-41a2-a5a6-835c4c176006","KOTA PALOPO","7373","379af42c-8d5a-49bd-8619-59dab2af0b54","2025-03-12 12:11:48","2025-03-12 12:11:48",\N
"5f3a47d6-c01e-4504-b08f-80cf9a96dc7b","KAB. KOLAKA","7401","7da5a320-519f-44b9-8d02-9ca43e876fbc","2025-03-12 12:11:48","2025-03-12 12:11:48",\N
"8e2dd911-a12e-439b-9313-c2b90e6b1b41","KAB. KONAWE","7402","7da5a320-519f-44b9-8d02-9ca43e876fbc","2025-03-12 12:11:48","2025-03-12 12:11:48",\N
"b187a41b-a6bc-45d3-99ba-4fafacc0209a","KAB. MUNA","7403","7da5a320-519f-44b9-8d02-9ca43e876fbc","2025-03-12 12:11:48","2025-03-12 12:11:48",\N
"7f46ac52-c190-4d9c-8671-58c49249eaed","KAB. BUTON","7404","7da5a320-519f-44b9-8d02-9ca43e876fbc","2025-03-12 12:11:48","2025-03-12 12:11:48",\N
"6461550c-7684-45ae-80e0-c6dd91c93d8c","KAB. KONAWE SELATAN","7405","7da5a320-519f-44b9-8d02-9ca43e876fbc","2025-03-12 12:11:48","2025-03-12 12:11:48",\N
"3de14f21-117d-4456-9f3b-895bfd629023","KAB. BOMBANA","7406","7da5a320-519f-44b9-8d02-9ca43e876fbc","2025-03-12 12:11:48","2025-03-12 12:11:48",\N
"855a776f-7130-4aa9-a653-883b8f2a9df4","KAB. WAKATOBI","7407","7da5a320-519f-44b9-8d02-9ca43e876fbc","2025-03-12 12:11:48","2025-03-12 12:11:48",\N
"27a55aa8-3362-490c-ac83-8a41d066e848","KAB. KOLAKA UTARA","7408","7da5a320-519f-44b9-8d02-9ca43e876fbc","2025-03-12 12:11:48","2025-03-12 12:11:48",\N
"8c0baf5c-5331-4f9d-8d86-be0c9aa4adda","KAB. TORAJA UTARA","7326","379af42c-8d5a-49bd-8619-59dab2af0b54","2025-03-12 12:11:48","2025-03-12 12:11:48",\N
"a08d5970-f6da-495b-b3a6-08ccbf5a3f7f","KAB. KONAWE UTARA","7409","7da5a320-519f-44b9-8d02-9ca43e876fbc","2025-03-12 12:11:48","2025-03-12 12:11:48",\N
"935aa49a-66a4-4e54-a7af-c57d9258a13b","KAB. BUTON UTARA","7410","7da5a320-519f-44b9-8d02-9ca43e876fbc","2025-03-12 12:11:48","2025-03-12 12:11:48",\N
"d722acaf-3c76-434e-be30-cb8935553438","KAB. KOLAKA TIMUR","7411","7da5a320-519f-44b9-8d02-9ca43e876fbc","2025-03-12 12:11:48","2025-03-12 12:11:48",\N
"322a6a11-9dc9-4dab-b619-b20cb5118829","KAB. KONAWE KEPULAUAN","7412","7da5a320-519f-44b9-8d02-9ca43e876fbc","2025-03-12 12:11:48","2025-03-12 12:11:48",\N
"2359aa6b-8794-44a1-a6b0-f75ee83462fd","KAB. MUNA BARAT","7413","7da5a320-519f-44b9-8d02-9ca43e876fbc","2025-03-12 12:11:48","2025-03-12 12:11:48",\N
"d36c0666-484e-424e-ad4f-383933ec6155","KAB. BUTON TENGAH","7414","7da5a320-519f-44b9-8d02-9ca43e876fbc","2025-03-12 12:11:48","2025-03-12 12:11:48",\N
"5497ac2c-a0f5-4b54-8fab-29ea44c51de4","KAB. BUTON SELATAN","7415","7da5a320-519f-44b9-8d02-9ca43e876fbc","2025-03-12 12:11:48","2025-03-12 12:11:48",\N
"9471028f-4ff3-4c68-b8c1-b6d4a0f191b8","KOTA KENDARI","7471","7da5a320-519f-44b9-8d02-9ca43e876fbc","2025-03-12 12:11:48","2025-03-12 12:11:48",\N
"50535ef3-a056-4794-90a3-8b0abcf03e81","KOTA BAU BAU","7472","7da5a320-519f-44b9-8d02-9ca43e876fbc","2025-03-12 12:11:48","2025-03-12 12:11:48",\N
"f6102401-2c18-45ad-87cc-f6e316930d2b","KAB. GORONTALO","7501","b8b6600e-70a6-4d3c-ab95-b542aef4ff39","2025-03-12 12:11:48","2025-03-12 12:11:48",\N
"96564da2-4e8f-4262-bca7-eab41d076cd4","KAB. BOALEMO","7502","b8b6600e-70a6-4d3c-ab95-b542aef4ff39","2025-03-12 12:11:48","2025-03-12 12:11:48",\N
"31bcb3d5-7289-46c2-857b-03518c0beb85","KAB. BONE BOLANGO","7503","b8b6600e-70a6-4d3c-ab95-b542aef4ff39","2025-03-12 12:11:48","2025-03-12 12:11:48",\N
"bac81a81-de25-451b-ad61-8d0817af4188","KAB. PAHUWATO","7504","b8b6600e-70a6-4d3c-ab95-b542aef4ff39","2025-03-12 12:11:48","2025-03-12 12:11:48",\N
"9b6b9e82-1ae7-4d01-ba61-35d18ba48533","KAB. GORONTALO UTARA","7505","b8b6600e-70a6-4d3c-ab95-b542aef4ff39","2025-03-12 12:11:48","2025-03-12 12:11:48",\N
"c775979a-c2ed-45ce-9421-f71822ff716b","KOTA GORONTALO","7571","b8b6600e-70a6-4d3c-ab95-b542aef4ff39","2025-03-12 12:11:48","2025-03-12 12:11:48",\N
"c534515f-f92f-4c6a-9df2-4068a1da148f","KAB. PASANGKAYU","7601","f94b359e-a000-414a-9338-e93495d8de2c","2025-03-12 12:11:48","2025-03-12 12:11:48",\N
"c10fe3ed-17a7-414a-beaa-d96dbdfa6b35","KAB. MAMUJU","7602","f94b359e-a000-414a-9338-e93495d8de2c","2025-03-12 12:11:48","2025-03-12 12:11:48",\N
"174535a5-b527-4537-9300-7aacd123d4b0","KAB. MAMASA","7603","f94b359e-a000-414a-9338-e93495d8de2c","2025-03-12 12:11:48","2025-03-12 12:11:48",\N
"c2a33ca6-e35b-4a67-b777-bc6fb422d99f","KAB. POLEWALI MANDAR","7604","f94b359e-a000-414a-9338-e93495d8de2c","2025-03-12 12:11:48","2025-03-12 12:11:48",\N
"4cbc5940-b830-41c6-9ab9-d9f902a67f57","KAB. MAMUJU TENGAH","7606","f94b359e-a000-414a-9338-e93495d8de2c","2025-03-12 12:11:48","2025-03-12 12:11:48",\N
"85022de9-8c6b-48f1-8d6d-6b310b9ced1e","KAB. MALUKU TENGAH","8101","6b895e26-6d81-4189-8a8a-2a7d574bb215","2025-03-12 12:11:48","2025-03-12 12:11:48",\N
"859b4c7d-1935-4d16-9fdd-5321abb1fdde","KAB. MALUKU TENGGARA","8102","6b895e26-6d81-4189-8a8a-2a7d574bb215","2025-03-12 12:11:48","2025-03-12 12:11:48",\N
"4873c11a-5484-4beb-b105-d8235de6d279","KAB. KEPULAUAN TANIMBAR","8103","6b895e26-6d81-4189-8a8a-2a7d574bb215","2025-03-12 12:11:48","2025-03-12 12:11:48",\N
"d8d194e9-4629-498b-9adf-71eea2dd873e","KAB. BURU","8104","6b895e26-6d81-4189-8a8a-2a7d574bb215","2025-03-12 12:11:48","2025-03-12 12:11:48",\N
"4551bc75-fa1e-43a4-baf2-fd59094ba0cb","KAB. SERAM BAGIAN TIMUR","8105","6b895e26-6d81-4189-8a8a-2a7d574bb215","2025-03-12 12:11:48","2025-03-12 12:11:48",\N
"bce082e5-be6a-469f-a816-e76b244bcd26","KAB. SERAM BAGIAN BARAT","8106","6b895e26-6d81-4189-8a8a-2a7d574bb215","2025-03-12 12:11:48","2025-03-12 12:11:48",\N
"da8a5cdb-b82f-4fa9-896d-a3b37fd367bd","KAB. KEPULAUAN ARU","8107","6b895e26-6d81-4189-8a8a-2a7d574bb215","2025-03-12 12:11:48","2025-03-12 12:11:48",\N
"26190eaa-a856-4dd9-bf04-bd43c40d2aa5","KAB. MALUKU BARAT DAYA","8108","6b895e26-6d81-4189-8a8a-2a7d574bb215","2025-03-12 12:11:48","2025-03-12 12:11:48",\N
"e4eec0a6-97ef-476f-86a8-287236bc6dbc","KAB. BURU SELATAN","8109","6b895e26-6d81-4189-8a8a-2a7d574bb215","2025-03-12 12:11:48","2025-03-12 12:11:48",\N
"6351d7b6-4eed-417a-a635-7f8d67098d28","KOTA AMBON","8171","6b895e26-6d81-4189-8a8a-2a7d574bb215","2025-03-12 12:11:48","2025-03-12 12:11:48",\N
"52764c94-17f4-488b-958a-d66611aed0f8","KOTA TUAL","8172","6b895e26-6d81-4189-8a8a-2a7d574bb215","2025-03-12 12:11:48","2025-03-12 12:11:48",\N
"3a3cbdcb-4b4a-4415-bfbf-babd6e225f8a","KAB. HALMAHERA BARAT","8201","d51c5b77-a554-4585-95b3-9685c655887a","2025-03-12 12:11:48","2025-03-12 12:11:48",\N
"0943c613-d732-4f88-937d-5d642166ba79","KAB. HALMAHERA TENGAH","8202","d51c5b77-a554-4585-95b3-9685c655887a","2025-03-12 12:11:48","2025-03-12 12:11:48",\N
"79660973-2a2b-4de0-8422-74a829cdfbd5","KAB. HALMAHERA UTARA","8203","d51c5b77-a554-4585-95b3-9685c655887a","2025-03-12 12:11:48","2025-03-12 12:11:48",\N
"f7f08a0c-ca27-44ae-a140-4abe6e4b48f9","KAB. HALMAHERA SELATAN","8204","d51c5b77-a554-4585-95b3-9685c655887a","2025-03-12 12:11:48","2025-03-12 12:11:48",\N
"c7377bae-be04-44c7-be09-b233525163a9","KAB. KEPULAUAN SULA","8205","d51c5b77-a554-4585-95b3-9685c655887a","2025-03-12 12:11:48","2025-03-12 12:11:48",\N
"3db4e9a7-11b6-48ff-82b7-96e2ef0ab581","KAB. HALMAHERA TIMUR","8206","d51c5b77-a554-4585-95b3-9685c655887a","2025-03-12 12:11:48","2025-03-12 12:11:48",\N
"31109c32-b603-4a7e-8407-0d34dc8378c5","KAB. PULAU MOROTAI","8207","d51c5b77-a554-4585-95b3-9685c655887a","2025-03-12 12:11:48","2025-03-12 12:11:48",\N
"197b6c1a-0322-48d8-9207-fed05697af25","KAB. PULAU TALIABU","8208","d51c5b77-a554-4585-95b3-9685c655887a","2025-03-12 12:11:48","2025-03-12 12:11:48",\N
"f1d6f6c7-01a2-418c-b2a1-7ae1e44f1cc3","KOTA TERNATE","8271","d51c5b77-a554-4585-95b3-9685c655887a","2025-03-12 12:11:48","2025-03-12 12:11:48",\N
"536c81e6-0b3b-4218-a5c6-d0dcdd2639ca","KOTA TIDORE KEPULAUAN","8272","d51c5b77-a554-4585-95b3-9685c655887a","2025-03-12 12:11:48","2025-03-12 12:11:48",\N
"841e70a4-f3b9-4893-8dd7-526f50782774","KAB. MERAUKE","9101","e1fc558c-7b40-4608-8225-6655c5afbc37","2025-03-12 12:11:48","2025-03-12 12:11:48",\N
"f7f9db3a-ab5f-4444-903f-506385c59104","KAB. JAYAWIJAYA","9102","e1fc558c-7b40-4608-8225-6655c5afbc37","2025-03-12 12:11:48","2025-03-12 12:11:48",\N
"656e0e23-ada6-41b9-bffc-fe4c3245423e","KAB. JAYAPURA","9103","e1fc558c-7b40-4608-8225-6655c5afbc37","2025-03-12 12:11:48","2025-03-12 12:11:48",\N
"36188788-77f9-4480-b7dc-6d37bb0b598c","KAB. NABIRE","9104","e1fc558c-7b40-4608-8225-6655c5afbc37","2025-03-12 12:11:48","2025-03-12 12:11:48",\N
"43c51d0a-7f3c-41a3-b3a6-ff262d3c66ae","KAB. KEPULAUAN YAPEN","9105","e1fc558c-7b40-4608-8225-6655c5afbc37","2025-03-12 12:11:48","2025-03-12 12:11:48",\N
"9e0f19d8-39eb-4dd5-8714-7ddd6b3b1646","KAB. BIAK NUMFOR","9106","e1fc558c-7b40-4608-8225-6655c5afbc37","2025-03-12 12:11:48","2025-03-12 12:11:48",\N
"e6a26abd-fd52-442d-b976-09cbecfb893b","KAB. SARMI","9110","e1fc558c-7b40-4608-8225-6655c5afbc37","2025-03-12 12:11:48","2025-03-12 12:11:48",\N
"81b8528a-0844-48b4-b8f6-7270c9160233","KAB. KEEROM","9111","e1fc558c-7b40-4608-8225-6655c5afbc37","2025-03-12 12:11:48","2025-03-12 12:11:48",\N
"9a6c342f-f001-4396-8036-fa8201abaf78","KAB. PEGUNUNGAN BINTANG","9112","e1fc558c-7b40-4608-8225-6655c5afbc37","2025-03-12 12:11:48","2025-03-12 12:11:48",\N
"f353c1a0-3966-49ef-b431-8e5d2c23fa38","KAB. YAHUKIMO","9113","e1fc558c-7b40-4608-8225-6655c5afbc37","2025-03-12 12:11:48","2025-03-12 12:11:48",\N
"5720c543-ea9a-4b93-ad7d-81cc07e5c09c","KAB. TOLIKARA","9114","e1fc558c-7b40-4608-8225-6655c5afbc37","2025-03-12 12:11:48","2025-03-12 12:11:48",\N
"53b6117f-6831-4dfc-b9ac-f4401b201b8b","KAB. WAROPEN","9115","e1fc558c-7b40-4608-8225-6655c5afbc37","2025-03-12 12:11:48","2025-03-12 12:11:48",\N
"dea2b025-44d3-4e69-9198-85e983487126","KAB. BOVEN DIGOEL","9116","e1fc558c-7b40-4608-8225-6655c5afbc37","2025-03-12 12:11:48","2025-03-12 12:11:48",\N
"964cebc3-7541-4938-979f-d001176d8d0c","KAB. MAPPI","9117","e1fc558c-7b40-4608-8225-6655c5afbc37","2025-03-12 12:11:48","2025-03-12 12:11:48",\N
"27605cf8-4c82-45a6-b32b-f43df0b7197c","KAB. ASMAT","9118","e1fc558c-7b40-4608-8225-6655c5afbc37","2025-03-12 12:11:48","2025-03-12 12:11:48",\N
"985b1ee6-7aff-4ba0-b235-15733072c2d5","KAB. SUPIORI","9119","e1fc558c-7b40-4608-8225-6655c5afbc37","2025-03-12 12:11:48","2025-03-12 12:11:48",\N
"55f5677f-5224-4e39-bc5c-92ff20cc577a","KAB. PUNCAK JAYA","9107","e1fc558c-7b40-4608-8225-6655c5afbc37","2025-03-12 12:11:48","2025-03-12 12:11:48",\N
"381a84c8-5840-4715-af39-ffac133b10b3","KAB. PANIAI","9108","e1fc558c-7b40-4608-8225-6655c5afbc37","2025-03-12 12:11:48","2025-03-12 12:11:48",\N
"210ab94f-1c8d-402d-9909-aa03b2ff2a56","KAB. MIMIKA","9109","e1fc558c-7b40-4608-8225-6655c5afbc37","2025-03-12 12:11:48","2025-03-12 12:11:48",\N
"2426cadb-0873-46af-9787-7336e49ec90c","KAB. MAMBERAMO RAYA","9120","e1fc558c-7b40-4608-8225-6655c5afbc37","2025-03-12 12:11:48","2025-03-12 12:11:48",\N
"68ac0d19-2dde-470b-8af6-9227076c8b56","KOTA JAYAPURA","9171","e1fc558c-7b40-4608-8225-6655c5afbc37","2025-03-12 12:11:48","2025-03-12 12:11:48",\N
"2ebb8620-1767-4d90-a243-417e419f4986","KAB. SORONG","9201","4dace37a-03bd-4420-8299-2c074c764eb9","2025-03-12 12:11:48","2025-03-12 12:11:48",\N
"dad75c15-83a4-42a9-940f-07f6c29aba5c","KAB. MANOKWARI","9202","4dace37a-03bd-4420-8299-2c074c764eb9","2025-03-12 12:11:48","2025-03-12 12:11:48",\N
"9130797f-83d3-472e-b9b5-b92ebd1beef4","KAB. FAK FAK","9203","4dace37a-03bd-4420-8299-2c074c764eb9","2025-03-12 12:11:48","2025-03-12 12:11:48",\N
"f7d6fdaa-0660-44c5-b8bc-2a76f4dcadba","KAB. SORONG SELATAN","9204","4dace37a-03bd-4420-8299-2c074c764eb9","2025-03-12 12:11:48","2025-03-12 12:11:48",\N
"cde7ab0b-8484-4fdc-9e3e-95fc42e37d98","KAB. RAJA AMPAT","9205","4dace37a-03bd-4420-8299-2c074c764eb9","2025-03-12 12:11:48","2025-03-12 12:11:48",\N
"5f49cfe5-8780-43a0-acea-471c4bfbbd4b","KAB. TELUK BINTUNI","9206","4dace37a-03bd-4420-8299-2c074c764eb9","2025-03-12 12:11:48","2025-03-12 12:11:48",\N
"c6978786-ae31-4b37-923a-2a325ede4238","KAB. TELUK WONDAMA","9207","4dace37a-03bd-4420-8299-2c074c764eb9","2025-03-12 12:11:48","2025-03-12 12:11:48",\N
"e36af1f7-9dd4-4ef2-99c2-02d98cc322de","KAB. KAIMANA","9208","4dace37a-03bd-4420-8299-2c074c764eb9","2025-03-12 12:11:48","2025-03-12 12:11:48",\N
"0ed594e6-8e8a-42be-8a29-0d4ef6a5b6f6","KAB. TAMBRAUW","9209","4dace37a-03bd-4420-8299-2c074c764eb9","2025-03-12 12:11:48","2025-03-12 12:11:48",\N
"33dc57ec-3ecf-4b26-ace7-e49483303e4e","KAB. MAYBRAT","9210","4dace37a-03bd-4420-8299-2c074c764eb9","2025-03-12 12:11:48","2025-03-12 12:11:48",\N
"a57c38ae-75c9-4367-a088-7ff2eee359d0","KAB. MANOKWARI SELATAN","9211","4dace37a-03bd-4420-8299-2c074c764eb9","2025-03-12 12:11:48","2025-03-12 12:11:48",\N
"aaf8f03f-d2f3-4d77-bac9-a2d09819680d","KAB. PEGUNUNGAN ARFAK","9212","4dace37a-03bd-4420-8299-2c074c764eb9","2025-03-12 12:11:48","2025-03-12 12:11:48",\N
"748b3efb-088d-4ea5-9955-886889509abf","KOTA SORONG","9271","4dace37a-03bd-4420-8299-2c074c764eb9","2025-03-12 12:11:48","2025-03-12 12:11:48",\N
"f665b78e-575a-46c7-bedb-b2994962d75c","KAB. MAJENE","7605","f94b359e-a000-414a-9338-e93495d8de2c","2025-03-12 12:11:48","2025-03-12 12:11:48",\N
"ffbcb472-7105-46db-813f-c101559bc35f","KAB. CIANJUR","3203","13743c3a-de79-470c-9224-fd012986b63e","2025-03-12 12:11:48","2025-03-12 12:11:48",\N
"7d099d07-b924-4b8d-b983-c9e900a3c9bb","KEP. SERIBU","3101","3f05235f-b7a0-4332-abaa-f1d065326cca","2025-03-12 12:11:48","2025-03-12 12:11:48",\N
"def9915d-8cb0-4c7e-a354-0afc2325b1b4","KAB. LANNY JAYA","9123","e1fc558c-7b40-4608-8225-6655c5afbc37","2025-03-12 12:11:48","2025-03-12 12:11:48",\N
"91cc57fc-ca6a-4030-a8be-00edb35f5206","KAB. NDUGA","9124","e1fc558c-7b40-4608-8225-6655c5afbc37","2025-03-12 12:11:48","2025-03-12 12:11:48",\N
"e4b2b6f3-9da7-43ab-ac36-9c9d6cbd8015","KAB. PUNCAK","9125","e1fc558c-7b40-4608-8225-6655c5afbc37","2025-03-12 12:11:48","2025-03-12 12:11:48",\N
"174343a4-2a1a-4fd6-8200-495eabee2680","KAB. DOGIYAI","9126","e1fc558c-7b40-4608-8225-6655c5afbc37","2025-03-12 12:11:48","2025-03-12 12:11:48",\N
"5aef1f3c-bfb9-4852-95ab-00338471402b","KAB. INTAN JAYA","9127","e1fc558c-7b40-4608-8225-6655c5afbc37","2025-03-12 12:11:48","2025-03-12 12:11:48",\N
"be2a8822-116f-495c-8b3a-3bb1d1946161","KAB. DEIYAI","9128","e1fc558c-7b40-4608-8225-6655c5afbc37","2025-03-12 12:11:48","2025-03-12 12:11:48",\N
"73640922-af00-4ade-a991-2061f4ccdbf9","KAB. MAMBERAMO TENGAH","9121","e1fc558c-7b40-4608-8225-6655c5afbc37","2025-03-12 12:11:48","2025-03-12 12:11:48",\N
"796c2c3e-ae48-4831-8fe3-f7aaaf7302f8","KAB. YALIMO","9122","e1fc558c-7b40-4608-8225-6655c5afbc37","2025-03-12 12:11:48","2025-03-12 12:11:48",\N
"28d6b2ab-fb45-466c-b042-36b1dd2571aa","KAB. GAYO LUES","1113","74bae6b6-3f4b-43c8-9080-ae573b126e8c","2025-03-12 12:11:48","2025-03-12 12:11:48",\N